decisionId,recordId,rootCause,disposition,kanda,sarga,sourceLocator
V15-X-001,STAGING-ARANYA-SARGA-1-2026,MISSING_CANONICAL_TARGET,SAFE_NEW,Aranya Kanda,1,"3.1.1 to 3.1.28"
V15-X-002,STAGING-ARANYA-SARGA-10-2026,MISSING_CANONICAL_TARGET,SAFE_NEW,Aranya Kanda,10,"3.10.1 to 3.10.30"
V15-X-003,STAGING-ARANYA-SARGA-11-2026,MISSING_CANONICAL_TARGET,SAFE_NEW,Aranya Kanda,11,"3.11.1 to 3.11.35"
V15-X-004,STAGING-ARANYA-SARGA-12-2026,MISSING_CANONICAL_TARGET,SAFE_NEW,Aranya Kanda,12,"3.12.1 to 3.12.30"
V15-X-005,STAGING-ARANYA-SARGA-13-2026,MISSING_CANONICAL_TARGET,SAFE_NEW,Aranya Kanda,13,"3.13.1 to 3.13.32"
V15-X-006,STAGING-ARANYA-SARGA-14-2026,MISSING_CANONICAL_TARGET,SAFE_NEW,Aranya Kanda,14,"3.14.1 to 3.14.30"
V15-X-007,STAGING-ARANYA-SARGA-15-2026,MISSING_CANONICAL_TARGET,SAFE_NEW,Aranya Kanda,15,"3.15.1 to 3.15.30"
V15-X-008,STAGING-ARANYA-SARGA-16-2026,MISSING_CANONICAL_TARGET,SAFE_NEW,Aranya Kanda,16,"3.16.1 to 3.16.35"
V15-X-009,STAGING-ARANYA-SARGA-17-2026,MISSING_CANONICAL_TARGET,SAFE_NEW,Aranya Kanda,17,"3.17.1 to 3.17.30"
V15-X-010,STAGING-ARANYA-SARGA-18-2026,MISSING_CANONICAL_TARGET,SAFE_NEW,Aranya Kanda,18,"3.18.1 to 3.18.32"
V15-X-011,STAGING-ARANYA-SARGA-19-2026,MISSING_CANONICAL_TARGET,SAFE_NEW,Aranya Kanda,19,"3.19.1 to 3.19.30"
V15-X-012,STAGING-ARANYA-SARGA-2-2026,MISSING_CANONICAL_TARGET,SAFE_NEW,Aranya Kanda,2,"3.2.1 to 3.2.35"
V15-X-013,STAGING-ARANYA-SARGA-20-2026,MISSING_CANONICAL_TARGET,SAFE_NEW,Aranya Kanda,20,"3.20.1 to 3.20.35"
V15-X-014,STAGING-ARANYA-SARGA-21-2026,MISSING_CANONICAL_TARGET,SAFE_NEW,Aranya Kanda,21,"3.21.1 to 3.21.30"
V15-X-015,STAGING-ARANYA-SARGA-22-2026,MISSING_CANONICAL_TARGET,SAFE_NEW,Aranya Kanda,22,"3.22.1 to 3.22.32"
V15-X-016,STAGING-ARANYA-SARGA-23-2026,MISSING_CANONICAL_TARGET,SAFE_NEW,Aranya Kanda,23,"3.23.1 to 3.23.30"
V15-X-017,STAGING-ARANYA-SARGA-24-2026,MISSING_CANONICAL_TARGET,SAFE_NEW,Aranya Kanda,24,"3.24.1 to 3.24.35"
V15-X-018,STAGING-ARANYA-SARGA-25-2026,MISSING_CANONICAL_TARGET,SAFE_NEW,Aranya Kanda,25,"3.25.1 to 3.25.30"
V15-X-019,STAGING-ARANYA-SARGA-26-2026,MISSING_CANONICAL_TARGET,SAFE_NEW,Aranya Kanda,26,"3.26.1 to 3.26.32"
V15-X-020,STAGING-ARANYA-SARGA-27-2026,MISSING_CANONICAL_TARGET,SAFE_NEW,Aranya Kanda,27,"3.27.1 to 3.27.30"
V15-X-021,STAGING-ARANYA-SARGA-28-2026,MISSING_CANONICAL_TARGET,SAFE_NEW,Aranya Kanda,28,"3.28.1 to 3.28.35"
V15-X-022,STAGING-ARANYA-SARGA-29-2026,MISSING_CANONICAL_TARGET,SAFE_NEW,Aranya Kanda,29,"3.29.1 to 3.29.30"
V15-X-023,STAGING-ARANYA-SARGA-3-2026,MISSING_CANONICAL_TARGET,SAFE_NEW,Aranya Kanda,3,"3.3.1 to 3.3.30"
V15-X-024,STAGING-ARANYA-SARGA-30-2026,MISSING_CANONICAL_TARGET,SAFE_NEW,Aranya Kanda,30,"3.30.1 to 3.30.35"
V15-X-025,STAGING-ARANYA-SARGA-31-2026,MISSING_CANONICAL_TARGET,SAFE_NEW,Aranya Kanda,31,"3.31.1 to 3.31.35"
V15-X-026,STAGING-ARANYA-SARGA-32-2026,MISSING_CANONICAL_TARGET,SAFE_NEW,Aranya Kanda,32,"3.32.1 to 3.32.30"
V15-X-027,STAGING-ARANYA-SARGA-33-2026,MISSING_CANONICAL_TARGET,SAFE_NEW,Aranya Kanda,33,"3.33.1 to 3.33.32"
V15-X-028,STAGING-ARANYA-SARGA-34-2026,MISSING_CANONICAL_TARGET,SAFE_NEW,Aranya Kanda,34,"3.34.1 to 3.34.30"
V15-X-029,STAGING-ARANYA-SARGA-35-2026,MISSING_CANONICAL_TARGET,SAFE_NEW,Aranya Kanda,35,"3.35.1 to 3.35.35"
V15-X-030,STAGING-ARANYA-SARGA-36-2026,MISSING_CANONICAL_TARGET,SAFE_NEW,Aranya Kanda,36,"3.36.1 to 3.36.30"
V15-X-031,STAGING-ARANYA-SARGA-37-2026,MISSING_CANONICAL_TARGET,SAFE_NEW,Aranya Kanda,37,"3.37.1 to 3.37.32"
V15-X-032,STAGING-ARANYA-SARGA-38-2026,MISSING_CANONICAL_TARGET,SAFE_NEW,Aranya Kanda,38,"3.38.1 to 3.38.30"
V15-X-033,STAGING-ARANYA-SARGA-39-2026,MISSING_CANONICAL_TARGET,SAFE_NEW,Aranya Kanda,39,"3.39.1 to 3.39.35"
V15-X-034,STAGING-ARANYA-SARGA-4-2026,MISSING_CANONICAL_TARGET,SAFE_NEW,Aranya Kanda,4,"3.4.1 to 3.4.32"
V15-X-035,STAGING-ARANYA-SARGA-40-2026,MISSING_CANONICAL_TARGET,SAFE_NEW,Aranya Kanda,40,"3.40.1 to 3.40.30"
V15-X-036,STAGING-ARANYA-SARGA-41-2026,MISSING_CANONICAL_TARGET,SAFE_NEW,Aranya Kanda,41,"3.41.1 to 3.41.32"
V15-X-037,STAGING-ARANYA-SARGA-42-2026,MISSING_CANONICAL_TARGET,SAFE_NEW,Aranya Kanda,42,"3.42.1 to 3.42.30"
V15-X-038,STAGING-ARANYA-SARGA-43-2026,MISSING_CANONICAL_TARGET,SAFE_NEW,Aranya Kanda,43,"3.43.1 to 3.43.35"
V15-X-039,STAGING-ARANYA-SARGA-44-2026,MISSING_CANONICAL_TARGET,SAFE_NEW,Aranya Kanda,44,"3.44.1 to 3.44.30"
V15-X-040,STAGING-ARANYA-SARGA-45-2026,MISSING_CANONICAL_TARGET,SAFE_NEW,Aranya Kanda,45,"3.45.1 to 3.45.32"
V15-X-041,STAGING-ARANYA-SARGA-46-2026,MISSING_CANONICAL_TARGET,SAFE_NEW,Aranya Kanda,46,"3.46.1 to 3.46.30"
V15-X-042,STAGING-ARANYA-SARGA-47-2026,MISSING_CANONICAL_TARGET,SAFE_NEW,Aranya Kanda,47,"3.47.1 to 3.47.30"
V15-X-043,STAGING-ARANYA-SARGA-48-2026,MISSING_CANONICAL_TARGET,SAFE_NEW,Aranya Kanda,48,"3.48.1 to 3.48.35"
V15-X-044,STAGING-ARANYA-SARGA-49-2026,MISSING_CANONICAL_TARGET,SAFE_NEW,Aranya Kanda,49,"3.49.1 to 3.49.30"
V15-X-045,STAGING-ARANYA-SARGA-5-2026,MISSING_CANONICAL_TARGET,SAFE_NEW,Aranya Kanda,5,"3.5.1 to 3.5.30"
V15-X-046,STAGING-ARANYA-SARGA-50-2026,MISSING_CANONICAL_TARGET,SAFE_NEW,Aranya Kanda,50,"3.50.1 to 3.50.30"
V15-X-047,STAGING-ARANYA-SARGA-51-2026,MISSING_CANONICAL_TARGET,SAFE_NEW,Aranya Kanda,51,"3.51.1 to 3.51.35"
V15-X-048,STAGING-ARANYA-SARGA-52-2026,MISSING_CANONICAL_TARGET,SAFE_NEW,Aranya Kanda,52,"3.52.1 to 3.52.30"
V15-X-049,STAGING-ARANYA-SARGA-53-2026,MISSING_CANONICAL_TARGET,SAFE_NEW,Aranya Kanda,53,"3.53.1 to 3.53.30"
V15-X-050,STAGING-ARANYA-SARGA-54-2026,MISSING_CANONICAL_TARGET,SAFE_NEW,Aranya Kanda,54,"3.54.1 to 3.54.35"
V15-X-051,STAGING-ARANYA-SARGA-55-2026,MISSING_CANONICAL_TARGET,SAFE_NEW,Aranya Kanda,55,"3.55.1 to 3.55.30"
V15-X-052,STAGING-ARANYA-SARGA-56-2026,MISSING_CANONICAL_TARGET,SAFE_NEW,Aranya Kanda,56,"3.56.1 to 3.56.30"
V15-X-053,STAGING-ARANYA-SARGA-57-2026,MISSING_CANONICAL_TARGET,SAFE_NEW,Aranya Kanda,57,"3.57.1 to 3.57.35"
V15-X-054,STAGING-ARANYA-SARGA-58-2026,MISSING_CANONICAL_TARGET,SAFE_NEW,Aranya Kanda,58,"3.58.1 to 3.58.30"
V15-X-055,STAGING-ARANYA-SARGA-59-2026,MISSING_CANONICAL_TARGET,SAFE_NEW,Aranya Kanda,59,"3.59.1 to 3.59.30"
V15-X-056,STAGING-ARANYA-SARGA-6-2026,MISSING_CANONICAL_TARGET,SAFE_NEW,Aranya Kanda,6,"3.6.1 to 3.6.25"
V15-X-057,STAGING-ARANYA-SARGA-60-2026,MISSING_CANONICAL_TARGET,SAFE_NEW,Aranya Kanda,60,"3.60.1 to 3.60.35"
V15-X-058,STAGING-ARANYA-SARGA-61-2026,MISSING_CANONICAL_TARGET,SAFE_NEW,Aranya Kanda,61,"3.61.1 to 3.61.25"
V15-X-059,STAGING-ARANYA-SARGA-61-FORCED-2026,MISSING_CANONICAL_TARGET,SAFE_NEW,Aranya Kanda,61,"3.61.1 to 3.61.25"
V15-X-060,STAGING-ARANYA-SARGA-62-2026,MISSING_CANONICAL_TARGET,SAFE_NEW,Aranya Kanda,62,"3.62.1 to 3.62.25"
V15-X-061,STAGING-ARANYA-SARGA-62-FORCED-2026,MISSING_CANONICAL_TARGET,SAFE_NEW,Aranya Kanda,62,"3.62.1 to 3.62.25"
V15-X-062,STAGING-ARANYA-SARGA-63-2026,MISSING_CANONICAL_TARGET,SAFE_NEW,Aranya Kanda,63,"3.63.1 to 3.63.40"
V15-X-063,STAGING-ARANYA-SARGA-63-FORCED-2026,MISSING_CANONICAL_TARGET,SAFE_NEW,Aranya Kanda,63,"3.63.1 to 3.63.40"
V15-X-064,STAGING-ARANYA-SARGA-64-2026,MISSING_CANONICAL_TARGET,SAFE_NEW,Aranya Kanda,64,"3.64.1 to 3.64.25"
V15-X-065,STAGING-ARANYA-SARGA-64-FORCED-2026,MISSING_CANONICAL_TARGET,SAFE_NEW,Aranya Kanda,64,"3.64.1 to 3.64.25"
V15-X-066,STAGING-ARANYA-SARGA-65-2026,MISSING_CANONICAL_TARGET,SAFE_NEW,Aranya Kanda,65,"3.65.1 to 3.65.25"
V15-X-067,STAGING-ARANYA-SARGA-65-FORCED-2026,MISSING_CANONICAL_TARGET,SAFE_NEW,Aranya Kanda,65,"3.65.1 to 3.65.25"
V15-X-068,STAGING-ARANYA-SARGA-66-2026,MISSING_CANONICAL_TARGET,SAFE_NEW,Aranya Kanda,66,"3.66.1 to 3.66.40"
V15-X-069,STAGING-ARANYA-SARGA-66-FORCED-2026,MISSING_CANONICAL_TARGET,SAFE_NEW,Aranya Kanda,66,"3.66.1 to 3.66.40"
V15-X-070,STAGING-ARANYA-SARGA-67-2026,MISSING_CANONICAL_TARGET,SAFE_NEW,Aranya Kanda,67,"3.67.1 to 3.67.25"
V15-X-071,STAGING-ARANYA-SARGA-67-FORCED-2026,MISSING_CANONICAL_TARGET,SAFE_NEW,Aranya Kanda,67,"3.67.1 to 3.67.25"
V15-X-072,STAGING-ARANYA-SARGA-68-2026,MISSING_CANONICAL_TARGET,SAFE_NEW,Aranya Kanda,68,"3.68.1 to 3.68.25"
V15-X-073,STAGING-ARANYA-SARGA-68-FORCED-2026,MISSING_CANONICAL_TARGET,SAFE_NEW,Aranya Kanda,68,"3.68.1 to 3.68.25"
V15-X-074,STAGING-ARANYA-SARGA-69-2026,MISSING_CANONICAL_TARGET,SAFE_NEW,Aranya Kanda,69,"3.69.1 to 3.69.40"
V15-X-075,STAGING-ARANYA-SARGA-69-FORCED-2026,MISSING_CANONICAL_TARGET,SAFE_NEW,Aranya Kanda,69,"3.69.1 to 3.69.40"
V15-X-076,STAGING-ARANYA-SARGA-7-2026,MISSING_CANONICAL_TARGET,SAFE_NEW,Aranya Kanda,7,"3.7.1 to 3.7.28"
V15-X-077,STAGING-ARANYA-SARGA-70-2026,MISSING_CANONICAL_TARGET,SAFE_NEW,Aranya Kanda,70,"3.70.1 to 3.70.25"
V15-X-078,STAGING-ARANYA-SARGA-70-FORCED-2026,MISSING_CANONICAL_TARGET,SAFE_NEW,Aranya Kanda,70,"3.70.1 to 3.70.25"
V15-X-079,STAGING-ARANYA-SARGA-71-2026,MISSING_CANONICAL_TARGET,SAFE_NEW,Aranya Kanda,71,"3.71.1 to 3.71.25"
V15-X-080,STAGING-ARANYA-SARGA-71-FORCED-2026,MISSING_CANONICAL_TARGET,SAFE_NEW,Aranya Kanda,71,"3.71.1 to 3.71.25"
V15-X-081,STAGING-ARANYA-SARGA-72-2026,MISSING_CANONICAL_TARGET,SAFE_NEW,Aranya Kanda,72,"3.72.1 to 3.72.40"
V15-X-082,STAGING-ARANYA-SARGA-72-FORCED-2026,MISSING_CANONICAL_TARGET,SAFE_NEW,Aranya Kanda,72,"3.72.1 to 3.72.40"
V15-X-083,STAGING-ARANYA-SARGA-73-2026,MISSING_CANONICAL_TARGET,SAFE_NEW,Aranya Kanda,73,"3.73.1 to 3.73.25"
V15-X-084,STAGING-ARANYA-SARGA-73-FORCED-2026,MISSING_CANONICAL_TARGET,SAFE_NEW,Aranya Kanda,73,"3.73.1 to 3.73.25"
V15-X-085,STAGING-ARANYA-SARGA-74-2026,MISSING_CANONICAL_TARGET,SAFE_NEW,Aranya Kanda,74,"3.74.1 to 3.74.25"
V15-X-086,STAGING-ARANYA-SARGA-74-FORCED-2026,MISSING_CANONICAL_TARGET,SAFE_NEW,Aranya Kanda,74,"3.74.1 to 3.74.25"
V15-X-087,STAGING-ARANYA-SARGA-75-2026,MISSING_CANONICAL_TARGET,SAFE_NEW,Aranya Kanda,75,"3.75.1 to 3.75.40"
V15-X-088,STAGING-ARANYA-SARGA-75-FORCED-2026,MISSING_CANONICAL_TARGET,SAFE_NEW,Aranya Kanda,75,"3.75.1 to 3.75.40"
V15-X-089,STAGING-ARANYA-SARGA-8-2026,MISSING_CANONICAL_TARGET,SAFE_NEW,Aranya Kanda,8,"3.8.1 to 3.8.30"
V15-X-090,STAGING-ARANYA-SARGA-9-2026,MISSING_CANONICAL_TARGET,SAFE_NEW,Aranya Kanda,9,"3.9.1 to 3.9.27"
V15-X-091,STAGING-AYODHYA-SARGA-100-2026,MISSING_CANONICAL_TARGET,SAFE_NEW,Ayodhya Kanda,100,"2.100.1 to 2.100.35"
V15-X-092,STAGING-AYODHYA-SARGA-101-2026,MISSING_CANONICAL_TARGET,SAFE_NEW,Ayodhya Kanda,101,"2.101.1 to 2.101.35"
V15-X-093,STAGING-AYODHYA-SARGA-102-2026,MISSING_CANONICAL_TARGET,SAFE_NEW,Ayodhya Kanda,102,"2.102.1 to 2.102.30"
V15-X-094,STAGING-AYODHYA-SARGA-103-2026,MISSING_CANONICAL_TARGET,SAFE_NEW,Ayodhya Kanda,103,"2.103.1 to 2.103.28"
V15-X-095,STAGING-AYODHYA-SARGA-104-2026,MISSING_CANONICAL_TARGET,SAFE_NEW,Ayodhya Kanda,104,"2.104.1 to 2.104.32"
V15-X-096,STAGING-AYODHYA-SARGA-105-2026,MISSING_CANONICAL_TARGET,SAFE_NEW,Ayodhya Kanda,105,"2.105.1 to 2.105.30"
V15-X-097,STAGING-AYODHYA-SARGA-106-2026,MISSING_CANONICAL_TARGET,SAFE_NEW,Ayodhya Kanda,106,"2.106.1 to 2.106.35"
V15-X-098,STAGING-AYODHYA-SARGA-107-2026,MISSING_CANONICAL_TARGET,SAFE_NEW,Ayodhya Kanda,107,"2.107.1 to 2.107.28"
V15-X-099,STAGING-AYODHYA-SARGA-108-2026,MISSING_CANONICAL_TARGET,SAFE_NEW,Ayodhya Kanda,108,"2.108.1 to 2.108.30"
V15-X-100,STAGING-AYODHYA-SARGA-109-2026,MISSING_CANONICAL_TARGET,SAFE_NEW,Ayodhya Kanda,109,"2.109.1 to 2.109.34"
V15-X-101,STAGING-AYODHYA-SARGA-110-2026,MISSING_CANONICAL_TARGET,SAFE_NEW,Ayodhya Kanda,110,"2.110.1 to 2.110.32"
V15-X-102,STAGING-AYODHYA-SARGA-111-2026,MISSING_CANONICAL_TARGET,SAFE_NEW,Ayodhya Kanda,111,"2.111.1 to 2.111.35"
V15-X-103,STAGING-AYODHYA-SARGA-112-2026,MISSING_CANONICAL_TARGET,SAFE_NEW,Ayodhya Kanda,112,"2.112.1 to 2.112.30"
V15-X-104,STAGING-AYODHYA-SARGA-113-2026,MISSING_CANONICAL_TARGET,SAFE_NEW,Ayodhya Kanda,113,"2.113.1 to 2.113.28"
V15-X-105,STAGING-AYODHYA-SARGA-114-2026,MISSING_CANONICAL_TARGET,SAFE_NEW,Ayodhya Kanda,114,"2.114.1 to 2.114.32"
V15-X-106,STAGING-AYODHYA-SARGA-115-2026,MISSING_CANONICAL_TARGET,SAFE_NEW,Ayodhya Kanda,115,"2.115.1 to 2.115.30"
V15-X-107,STAGING-AYODHYA-SARGA-96-2026,MISSING_CANONICAL_TARGET,SAFE_NEW,Ayodhya Kanda,96,"2.96.1 to 2.96.25"
V15-X-108,STAGING-AYODHYA-SARGA-97-2026,MISSING_CANONICAL_TARGET,SAFE_NEW,Ayodhya Kanda,97,"2.97.1 to 2.97.30"
V15-X-109,STAGING-AYODHYA-SARGA-98-2026,MISSING_CANONICAL_TARGET,SAFE_NEW,Ayodhya Kanda,98,"2.98.1 to 2.98.32"
V15-X-110,STAGING-AYODHYA-SARGA-99-2026,MISSING_CANONICAL_TARGET,SAFE_NEW,Ayodhya Kanda,99,"2.99.1 to 2.99.28"
V15-X-111,STAGING-KISHKINDHA-SARGA-1-2026,MISSING_CANONICAL_TARGET,SAFE_NEW,Kishkindha Kanda,1,"4.1.1 to 4.1.26"
V15-X-112,STAGING-KISHKINDHA-SARGA-10-2026,MISSING_CANONICAL_TARGET,SAFE_NEW,Kishkindha Kanda,10,"4.10.1 to 4.10.25"
V15-X-113,STAGING-KISHKINDHA-SARGA-11-2026,MISSING_CANONICAL_TARGET,SAFE_NEW,Kishkindha Kanda,11,"4.11.1 to 4.11.26"
V15-X-114,STAGING-KISHKINDHA-SARGA-12-2026,MISSING_CANONICAL_TARGET,SAFE_NEW,Kishkindha Kanda,12,"4.12.1 to 4.12.27"
V15-X-115,STAGING-KISHKINDHA-SARGA-13-2026,MISSING_CANONICAL_TARGET,SAFE_NEW,Kishkindha Kanda,13,"4.13.1 to 4.13.28"
V15-X-116,STAGING-KISHKINDHA-SARGA-14-2026,MISSING_CANONICAL_TARGET,SAFE_NEW,Kishkindha Kanda,14,"4.14.1 to 4.14.29"
V15-X-117,STAGING-KISHKINDHA-SARGA-15-2026,MISSING_CANONICAL_TARGET,SAFE_NEW,Kishkindha Kanda,15,"4.15.1 to 4.15.30"
V15-X-118,STAGING-KISHKINDHA-SARGA-16-2026,MISSING_CANONICAL_TARGET,SAFE_NEW,Kishkindha Kanda,16,"4.16.1 to 4.16.36"
V15-X-119,STAGING-KISHKINDHA-SARGA-17-2026,MISSING_CANONICAL_TARGET,SAFE_NEW,Kishkindha Kanda,17,"4.17.1 to 4.17.37"
V15-X-120,STAGING-KISHKINDHA-SARGA-18-2026,MISSING_CANONICAL_TARGET,SAFE_NEW,Kishkindha Kanda,18,"4.18.1 to 4.18.38"
V15-X-121,STAGING-KISHKINDHA-SARGA-19-2026,MISSING_CANONICAL_TARGET,SAFE_NEW,Kishkindha Kanda,19,"4.19.1 to 4.19.39"
V15-X-122,STAGING-KISHKINDHA-SARGA-2-2026,MISSING_CANONICAL_TARGET,SAFE_NEW,Kishkindha Kanda,2,"4.2.1 to 4.2.27"
V15-X-123,STAGING-KISHKINDHA-SARGA-20-2026,MISSING_CANONICAL_TARGET,SAFE_NEW,Kishkindha Kanda,20,"4.20.1 to 4.20.30"
V15-X-124,STAGING-KISHKINDHA-SARGA-21-2026,MISSING_CANONICAL_TARGET,SAFE_NEW,Kishkindha Kanda,21,"4.21.1 to 4.21.31"
V15-X-125,STAGING-KISHKINDHA-SARGA-22-2026,MISSING_CANONICAL_TARGET,SAFE_NEW,Kishkindha Kanda,22,"4.22.1 to 4.22.32"
V15-X-126,STAGING-KISHKINDHA-SARGA-23-2026,MISSING_CANONICAL_TARGET,SAFE_NEW,Kishkindha Kanda,23,"4.23.1 to 4.23.33"
V15-X-127,STAGING-KISHKINDHA-SARGA-24-2026,MISSING_CANONICAL_TARGET,SAFE_NEW,Kishkindha Kanda,24,"4.24.1 to 4.24.34"
V15-X-128,STAGING-KISHKINDHA-SARGA-25-2026,MISSING_CANONICAL_TARGET,SAFE_NEW,Kishkindha Kanda,25,"4.25.1 to 4.25.35"
V15-X-129,STAGING-KISHKINDHA-SARGA-26-2026,MISSING_CANONICAL_TARGET,SAFE_NEW,Kishkindha Kanda,26,"4.26.1 to 4.26.36"
V15-X-130,STAGING-KISHKINDHA-SARGA-27-2026,MISSING_CANONICAL_TARGET,SAFE_NEW,Kishkindha Kanda,27,"4.27.1 to 4.27.37"
V15-X-131,STAGING-KISHKINDHA-SARGA-28-2026,MISSING_CANONICAL_TARGET,SAFE_NEW,Kishkindha Kanda,28,"4.28.1 to 4.28.38"
V15-X-132,STAGING-KISHKINDHA-SARGA-29-2026,MISSING_CANONICAL_TARGET,SAFE_NEW,Kishkindha Kanda,29,"4.29.1 to 4.29.39"
V15-X-133,STAGING-KISHKINDHA-SARGA-3-2026,MISSING_CANONICAL_TARGET,SAFE_NEW,Kishkindha Kanda,3,"4.3.1 to 4.3.28"
V15-X-134,STAGING-KISHKINDHA-SARGA-30-2026,MISSING_CANONICAL_TARGET,SAFE_NEW,Kishkindha Kanda,30,"4.30.1 to 4.30.30"
V15-X-135,STAGING-KISHKINDHA-SARGA-31-2026,MISSING_CANONICAL_TARGET,SAFE_NEW,Kishkindha Kanda,31,"4.31.1 to 4.31.31"
V15-X-136,STAGING-KISHKINDHA-SARGA-32-2026,MISSING_CANONICAL_TARGET,SAFE_NEW,Kishkindha Kanda,32,"4.32.1 to 4.32.32"
V15-X-137,STAGING-KISHKINDHA-SARGA-33-2026,MISSING_CANONICAL_TARGET,SAFE_NEW,Kishkindha Kanda,33,"4.33.1 to 4.33.33"
V15-X-138,STAGING-KISHKINDHA-SARGA-34-2026,MISSING_CANONICAL_TARGET,SAFE_NEW,Kishkindha Kanda,34,"4.34.1 to 4.34.34"
V15-X-139,STAGING-KISHKINDHA-SARGA-35-2026,MISSING_CANONICAL_TARGET,SAFE_NEW,Kishkindha Kanda,35,"4.35.1 to 4.35.35"
V15-X-140,STAGING-KISHKINDHA-SARGA-36-2026,MISSING_CANONICAL_TARGET,SAFE_NEW,Kishkindha Kanda,36,"4.36.1 to 4.36.36"
V15-X-141,STAGING-KISHKINDHA-SARGA-37-2026,MISSING_CANONICAL_TARGET,SAFE_NEW,Kishkindha Kanda,37,"4.37.1 to 4.37.37"
V15-X-142,STAGING-KISHKINDHA-SARGA-38-2026,MISSING_CANONICAL_TARGET,SAFE_NEW,Kishkindha Kanda,38,"4.38.1 to 4.38.38"
V15-X-143,STAGING-KISHKINDHA-SARGA-39-2026,MISSING_CANONICAL_TARGET,SAFE_NEW,Kishkindha Kanda,39,"4.39.1 to 4.39.39"
V15-X-144,STAGING-KISHKINDHA-SARGA-4-2026,MISSING_CANONICAL_TARGET,SAFE_NEW,Kishkindha Kanda,4,"4.4.1 to 4.4.29"
V15-X-145,STAGING-KISHKINDHA-SARGA-40-2026,MISSING_CANONICAL_TARGET,SAFE_NEW,Kishkindha Kanda,40,"4.40.1 to 4.40.30"
V15-X-146,STAGING-KISHKINDHA-SARGA-41-2026,MISSING_CANONICAL_TARGET,SAFE_NEW,Kishkindha Kanda,41,"4.41.1 to 4.41.31"
V15-X-147,STAGING-KISHKINDHA-SARGA-42-2026,MISSING_CANONICAL_TARGET,SAFE_NEW,Kishkindha Kanda,42,"4.42.1 to 4.42.32"
V15-X-148,STAGING-KISHKINDHA-SARGA-43-2026,MISSING_CANONICAL_TARGET,SAFE_NEW,Kishkindha Kanda,43,"4.43.1 to 4.43.33"
V15-X-149,STAGING-KISHKINDHA-SARGA-44-2026,MISSING_CANONICAL_TARGET,SAFE_NEW,Kishkindha Kanda,44,"4.44.1 to 4.44.34"
V15-X-150,STAGING-KISHKINDHA-SARGA-45-2026,MISSING_CANONICAL_TARGET,SAFE_NEW,Kishkindha Kanda,45,"4.45.1 to 4.45.35"
V15-X-151,STAGING-KISHKINDHA-SARGA-46-2026,MISSING_CANONICAL_TARGET,SAFE_NEW,Kishkindha Kanda,46,"4.46.1 to 4.46.26"
V15-X-152,STAGING-KISHKINDHA-SARGA-47-2026,MISSING_CANONICAL_TARGET,SAFE_NEW,Kishkindha Kanda,47,"4.47.1 to 4.47.27"
V15-X-153,STAGING-KISHKINDHA-SARGA-48-2026,MISSING_CANONICAL_TARGET,SAFE_NEW,Kishkindha Kanda,48,"4.48.1 to 4.48.28"
V15-X-154,STAGING-KISHKINDHA-SARGA-49-2026,MISSING_CANONICAL_TARGET,SAFE_NEW,Kishkindha Kanda,49,"4.49.1 to 4.49.29"
V15-X-155,STAGING-KISHKINDHA-SARGA-5-2026,MISSING_CANONICAL_TARGET,SAFE_NEW,Kishkindha Kanda,5,"4.5.1 to 4.5.30"
V15-X-156,STAGING-KISHKINDHA-SARGA-50-2026,MISSING_CANONICAL_TARGET,SAFE_NEW,Kishkindha Kanda,50,"4.50.1 to 4.50.30"
V15-X-157,STAGING-KISHKINDHA-SARGA-51-2026,MISSING_CANONICAL_TARGET,SAFE_NEW,Kishkindha Kanda,51,"4.51.1 to 4.51.31"
V15-X-158,STAGING-KISHKINDHA-SARGA-52-2026,MISSING_CANONICAL_TARGET,SAFE_NEW,Kishkindha Kanda,52,"4.52.1 to 4.52.32"
V15-X-159,STAGING-KISHKINDHA-SARGA-53-2026,MISSING_CANONICAL_TARGET,SAFE_NEW,Kishkindha Kanda,53,"4.53.1 to 4.53.33"
V15-X-160,STAGING-KISHKINDHA-SARGA-54-2026,MISSING_CANONICAL_TARGET,SAFE_NEW,Kishkindha Kanda,54,"4.54.1 to 4.54.34"
V15-X-161,STAGING-KISHKINDHA-SARGA-55-2026,MISSING_CANONICAL_TARGET,SAFE_NEW,Kishkindha Kanda,55,"4.55.1 to 4.55.35"
V15-X-162,STAGING-KISHKINDHA-SARGA-56-2026,MISSING_CANONICAL_TARGET,SAFE_NEW,Kishkindha Kanda,56,"4.56.1 to 4.56.36"
V15-X-163,STAGING-KISHKINDHA-SARGA-57-2026,MISSING_CANONICAL_TARGET,SAFE_NEW,Kishkindha Kanda,57,"4.57.1 to 4.57.37"
V15-X-164,STAGING-KISHKINDHA-SARGA-58-2026,MISSING_CANONICAL_TARGET,SAFE_NEW,Kishkindha Kanda,58,"4.58.1 to 4.58.38"
V15-X-165,STAGING-KISHKINDHA-SARGA-59-2026,MISSING_CANONICAL_TARGET,SAFE_NEW,Kishkindha Kanda,59,"4.59.1 to 4.59.39"
V15-X-166,STAGING-KISHKINDHA-SARGA-6-2026,MISSING_CANONICAL_TARGET,SAFE_NEW,Kishkindha Kanda,6,"4.6.1 to 4.6.31"
V15-X-167,STAGING-KISHKINDHA-SARGA-60-2026,MISSING_CANONICAL_TARGET,SAFE_NEW,Kishkindha Kanda,60,"4.60.1 to 4.60.25"
V15-X-168,STAGING-KISHKINDHA-SARGA-61-2026,MISSING_CANONICAL_TARGET,SAFE_NEW,Kishkindha Kanda,61,"4.61.1 to 4.61.26"
V15-X-169,STAGING-KISHKINDHA-SARGA-62-2026,MISSING_CANONICAL_TARGET,SAFE_NEW,Kishkindha Kanda,62,"4.62.1 to 4.62.27"
V15-X-170,STAGING-KISHKINDHA-SARGA-63-2026,MISSING_CANONICAL_TARGET,SAFE_NEW,Kishkindha Kanda,63,"4.63.1 to 4.63.28"
V15-X-171,STAGING-KISHKINDHA-SARGA-64-2026,MISSING_CANONICAL_TARGET,SAFE_NEW,Kishkindha Kanda,64,"4.64.1 to 4.64.29"
V15-X-172,STAGING-KISHKINDHA-SARGA-65-2026,MISSING_CANONICAL_TARGET,SAFE_NEW,Kishkindha Kanda,65,"4.65.1 to 4.65.30"
V15-X-173,STAGING-KISHKINDHA-SARGA-66-2026,MISSING_CANONICAL_TARGET,SAFE_NEW,Kishkindha Kanda,66,"4.66.1 to 4.66.31"
V15-X-174,STAGING-KISHKINDHA-SARGA-67-2026,MISSING_CANONICAL_TARGET,SAFE_NEW,Kishkindha Kanda,67,"4.67.1 to 4.67.32"
V15-X-175,STAGING-KISHKINDHA-SARGA-7-2026,MISSING_CANONICAL_TARGET,SAFE_NEW,Kishkindha Kanda,7,"4.7.1 to 4.7.32"
V15-X-176,STAGING-KISHKINDHA-SARGA-8-2026,MISSING_CANONICAL_TARGET,SAFE_NEW,Kishkindha Kanda,8,"4.8.1 to 4.8.33"
V15-X-177,STAGING-KISHKINDHA-SARGA-9-2026,MISSING_CANONICAL_TARGET,SAFE_NEW,Kishkindha Kanda,9,"4.9.1 to 4.9.34"
V15-X-178,STAGING-SUNDARA-SARGA-1-2026,MISSING_CANONICAL_TARGET,SAFE_NEW,Sundara Kanda,1,"5.1.1 to 5.1.26"
V15-X-179,STAGING-SUNDARA-SARGA-10-2026,MISSING_CANONICAL_TARGET,SAFE_NEW,Sundara Kanda,10,"5.10.1 to 5.10.35"
V15-X-180,STAGING-SUNDARA-SARGA-11-2026,MISSING_CANONICAL_TARGET,SAFE_NEW,Sundara Kanda,11,"5.11.1 to 5.11.36"
V15-X-181,STAGING-SUNDARA-SARGA-12-2026,MISSING_CANONICAL_TARGET,SAFE_NEW,Sundara Kanda,12,"5.12.1 to 5.12.37"
V15-X-182,STAGING-SUNDARA-SARGA-13-2026,MISSING_CANONICAL_TARGET,SAFE_NEW,Sundara Kanda,13,"5.13.1 to 5.13.38"
V15-X-183,STAGING-SUNDARA-SARGA-14-2026,MISSING_CANONICAL_TARGET,SAFE_NEW,Sundara Kanda,14,"5.14.1 to 5.14.39"
V15-X-184,STAGING-SUNDARA-SARGA-15-2026,MISSING_CANONICAL_TARGET,SAFE_NEW,Sundara Kanda,15,"5.15.1 to 5.15.25"
V15-X-185,STAGING-SUNDARA-SARGA-16-2026,MISSING_CANONICAL_TARGET,SAFE_NEW,Sundara Kanda,16,"5.16.1 to 5.16.36"
V15-X-186,STAGING-SUNDARA-SARGA-17-2026,MISSING_CANONICAL_TARGET,SAFE_NEW,Sundara Kanda,17,"5.17.1 to 5.17.37"
V15-X-187,STAGING-SUNDARA-SARGA-18-2026,MISSING_CANONICAL_TARGET,SAFE_NEW,Sundara Kanda,18,"5.18.1 to 5.18.38"
V15-X-188,STAGING-SUNDARA-SARGA-19-2026,MISSING_CANONICAL_TARGET,SAFE_NEW,Sundara Kanda,19,"5.19.1 to 5.19.39"
V15-X-189,STAGING-SUNDARA-SARGA-2-2026,MISSING_CANONICAL_TARGET,SAFE_NEW,Sundara Kanda,2,"5.2.1 to 5.2.27"
V15-X-190,STAGING-SUNDARA-SARGA-20-2026,MISSING_CANONICAL_TARGET,SAFE_NEW,Sundara Kanda,20,"5.20.1 to 5.20.30"
V15-X-191,STAGING-SUNDARA-SARGA-21-2026,MISSING_CANONICAL_TARGET,SAFE_NEW,Sundara Kanda,21,"5.21.1 to 5.21.31"
V15-X-192,STAGING-SUNDARA-SARGA-22-2026,MISSING_CANONICAL_TARGET,SAFE_NEW,Sundara Kanda,22,"5.22.1 to 5.22.32"
V15-X-193,STAGING-SUNDARA-SARGA-23-2026,MISSING_CANONICAL_TARGET,SAFE_NEW,Sundara Kanda,23,"5.23.1 to 5.23.33"
V15-X-194,STAGING-SUNDARA-SARGA-24-2026,MISSING_CANONICAL_TARGET,SAFE_NEW,Sundara Kanda,24,"5.24.1 to 5.24.34"
V15-X-195,STAGING-SUNDARA-SARGA-25-2026,MISSING_CANONICAL_TARGET,SAFE_NEW,Sundara Kanda,25,"5.25.1 to 5.25.35"
V15-X-196,STAGING-SUNDARA-SARGA-26-2026,MISSING_CANONICAL_TARGET,SAFE_NEW,Sundara Kanda,26,"5.26.1 to 5.26.36"
V15-X-197,STAGING-SUNDARA-SARGA-27-2026,MISSING_CANONICAL_TARGET,SAFE_NEW,Sundara Kanda,27,"5.27.1 to 5.27.37"
V15-X-198,STAGING-SUNDARA-SARGA-28-2026,MISSING_CANONICAL_TARGET,SAFE_NEW,Sundara Kanda,28,"5.28.1 to 5.28.38"
V15-X-199,STAGING-SUNDARA-SARGA-29-2026,MISSING_CANONICAL_TARGET,SAFE_NEW,Sundara Kanda,29,"5.29.1 to 5.29.39"
V15-X-200,STAGING-SUNDARA-SARGA-3-2026,MISSING_CANONICAL_TARGET,SAFE_NEW,Sundara Kanda,3,"5.3.1 to 5.3.28"
V15-X-201,STAGING-SUNDARA-SARGA-30-2026,MISSING_CANONICAL_TARGET,SAFE_NEW,Sundara Kanda,30,"5.30.1 to 5.30.30"
V15-X-202,STAGING-SUNDARA-SARGA-31-2026,MISSING_CANONICAL_TARGET,SAFE_NEW,Sundara Kanda,31,"5.31.1 to 5.31.31"
V15-X-203,STAGING-SUNDARA-SARGA-32-2026,MISSING_CANONICAL_TARGET,SAFE_NEW,Sundara Kanda,32,"5.32.1 to 5.32.32"
V15-X-204,STAGING-SUNDARA-SARGA-33-2026,MISSING_CANONICAL_TARGET,SAFE_NEW,Sundara Kanda,33,"5.33.1 to 5.33.33"
V15-X-205,STAGING-SUNDARA-SARGA-34-2026,MISSING_CANONICAL_TARGET,SAFE_NEW,Sundara Kanda,34,"5.34.1 to 5.34.34"
V15-X-206,STAGING-SUNDARA-SARGA-35-2026,MISSING_CANONICAL_TARGET,SAFE_NEW,Sundara Kanda,35,"5.35.1 to 5.35.35"
V15-X-207,STAGING-SUNDARA-SARGA-36-2026,MISSING_CANONICAL_TARGET,SAFE_NEW,Sundara Kanda,36,"5.36.1 to 5.36.36"
V15-X-208,STAGING-SUNDARA-SARGA-37-2026,MISSING_CANONICAL_TARGET,SAFE_NEW,Sundara Kanda,37,"5.37.1 to 5.37.37"
V15-X-209,STAGING-SUNDARA-SARGA-38-2026,MISSING_CANONICAL_TARGET,SAFE_NEW,Sundara Kanda,38,"5.38.1 to 5.38.38"
V15-X-210,STAGING-SUNDARA-SARGA-39-2026,MISSING_CANONICAL_TARGET,SAFE_NEW,Sundara Kanda,39,"5.39.1 to 5.39.39"
V15-X-211,STAGING-SUNDARA-SARGA-4-2026,MISSING_CANONICAL_TARGET,SAFE_NEW,Sundara Kanda,4,"5.4.1 to 5.4.29"
V15-X-212,STAGING-SUNDARA-SARGA-40-2026,MISSING_CANONICAL_TARGET,SAFE_NEW,Sundara Kanda,40,"5.40.1 to 5.40.30"
V15-X-213,STAGING-SUNDARA-SARGA-41-2026,MISSING_CANONICAL_TARGET,SAFE_NEW,Sundara Kanda,41,"5.41.1 to 5.41.31"
V15-X-214,STAGING-SUNDARA-SARGA-42-2026,MISSING_CANONICAL_TARGET,SAFE_NEW,Sundara Kanda,42,"5.42.1 to 5.42.32"
V15-X-215,STAGING-SUNDARA-SARGA-43-2026,MISSING_CANONICAL_TARGET,SAFE_NEW,Sundara Kanda,43,"5.43.1 to 5.43.33"
V15-X-216,STAGING-SUNDARA-SARGA-44-2026,MISSING_CANONICAL_TARGET,SAFE_NEW,Sundara Kanda,44,"5.44.1 to 5.44.34"
V15-X-217,STAGING-SUNDARA-SARGA-45-2026,MISSING_CANONICAL_TARGET,SAFE_NEW,Sundara Kanda,45,"5.45.1 to 5.45.35"
V15-X-218,STAGING-SUNDARA-SARGA-46-2026,MISSING_CANONICAL_TARGET,SAFE_NEW,Sundara Kanda,46,"5.46.1 to 5.46.26"
V15-X-219,STAGING-SUNDARA-SARGA-47-2026,MISSING_CANONICAL_TARGET,SAFE_NEW,Sundara Kanda,47,"5.47.1 to 5.47.27"
V15-X-220,STAGING-SUNDARA-SARGA-48-2026,MISSING_CANONICAL_TARGET,SAFE_NEW,Sundara Kanda,48,"5.48.1 to 5.48.28"
V15-X-221,STAGING-SUNDARA-SARGA-49-2026,MISSING_CANONICAL_TARGET,SAFE_NEW,Sundara Kanda,49,"5.49.1 to 5.49.29"
V15-X-222,STAGING-SUNDARA-SARGA-5-2026,MISSING_CANONICAL_TARGET,SAFE_NEW,Sundara Kanda,5,"5.5.1 to 5.5.30"
V15-X-223,STAGING-SUNDARA-SARGA-50-2026,MISSING_CANONICAL_TARGET,SAFE_NEW,Sundara Kanda,50,"5.50.1 to 5.50.30"
V15-X-224,STAGING-SUNDARA-SARGA-51-2026,MISSING_CANONICAL_TARGET,SAFE_NEW,Sundara Kanda,51,"5.51.1 to 5.51.31"
V15-X-225,STAGING-SUNDARA-SARGA-52-2026,MISSING_CANONICAL_TARGET,SAFE_NEW,Sundara Kanda,52,"5.52.1 to 5.52.32"
V15-X-226,STAGING-SUNDARA-SARGA-53-2026,MISSING_CANONICAL_TARGET,SAFE_NEW,Sundara Kanda,53,"5.53.1 to 5.53.33"
V15-X-227,STAGING-SUNDARA-SARGA-54-2026,MISSING_CANONICAL_TARGET,SAFE_NEW,Sundara Kanda,54,"5.54.1 to 5.54.34"
V15-X-228,STAGING-SUNDARA-SARGA-55-2026,MISSING_CANONICAL_TARGET,SAFE_NEW,Sundara Kanda,55,"5.55.1 to 5.55.35"
V15-X-229,STAGING-SUNDARA-SARGA-56-2026,MISSING_CANONICAL_TARGET,SAFE_NEW,Sundara Kanda,56,"5.56.1 to 5.56.36"
V15-X-230,STAGING-SUNDARA-SARGA-57-2026,MISSING_CANONICAL_TARGET,SAFE_NEW,Sundara Kanda,57,"5.57.1 to 5.57.37"
V15-X-231,STAGING-SUNDARA-SARGA-58-2026,MISSING_CANONICAL_TARGET,SAFE_NEW,Sundara Kanda,58,"5.58.1 to 5.58.38"
V15-X-232,STAGING-SUNDARA-SARGA-59-2026,MISSING_CANONICAL_TARGET,SAFE_NEW,Sundara Kanda,59,"5.59.1 to 5.59.39"
V15-X-233,STAGING-SUNDARA-SARGA-6-2026,MISSING_CANONICAL_TARGET,SAFE_NEW,Sundara Kanda,6,"5.6.1 to 5.6.31"
V15-X-234,STAGING-SUNDARA-SARGA-60-2026,MISSING_CANONICAL_TARGET,SAFE_NEW,Sundara Kanda,60,"5.60.1 to 5.60.25"
V15-X-235,STAGING-SUNDARA-SARGA-61-2026,MISSING_CANONICAL_TARGET,SAFE_NEW,Sundara Kanda,61,"5.61.1 to 5.61.26"
V15-X-236,STAGING-SUNDARA-SARGA-62-2026,MISSING_CANONICAL_TARGET,SAFE_NEW,Sundara Kanda,62,"5.62.1 to 5.62.27"
V15-X-237,STAGING-SUNDARA-SARGA-63-2026,MISSING_CANONICAL_TARGET,SAFE_NEW,Sundara Kanda,63,"5.63.1 to 5.63.28"
V15-X-238,STAGING-SUNDARA-SARGA-64-2026,MISSING_CANONICAL_TARGET,SAFE_NEW,Sundara Kanda,64,"5.64.1 to 5.64.29"
V15-X-239,STAGING-SUNDARA-SARGA-65-2026,MISSING_CANONICAL_TARGET,SAFE_NEW,Sundara Kanda,65,"5.65.1 to 5.65.30"
V15-X-240,STAGING-SUNDARA-SARGA-66-2026,MISSING_CANONICAL_TARGET,SAFE_NEW,Sundara Kanda,66,"5.66.1 to 5.66.31"
V15-X-241,STAGING-SUNDARA-SARGA-67-2026,MISSING_CANONICAL_TARGET,SAFE_NEW,Sundara Kanda,67,"5.67.1 to 5.67.32"
V15-X-242,STAGING-SUNDARA-SARGA-68-2026,MISSING_CANONICAL_TARGET,SAFE_NEW,Sundara Kanda,68,"5.68.1 to 5.68.33"
V15-X-243,STAGING-SUNDARA-SARGA-7-2026,MISSING_CANONICAL_TARGET,SAFE_NEW,Sundara Kanda,7,"5.7.1 to 5.7.32"
V15-X-244,STAGING-SUNDARA-SARGA-8-2026,MISSING_CANONICAL_TARGET,SAFE_NEW,Sundara Kanda,8,"5.8.1 to 5.8.33"
V15-X-245,STAGING-SUNDARA-SARGA-9-2026,MISSING_CANONICAL_TARGET,SAFE_NEW,Sundara Kanda,9,"5.9.1 to 5.9.34"
V15-X-246,STAGING-SUNDARA-SOURCE-NOTE-11-2026,SOURCE_REGISTRY_VERSION_MISMATCH,SOURCE_HOLD,Sundara Kanda,11,"5.11.1–5.11.47"
V15-X-247,STAGING-SUNDARA-SOURCE-NOTE-12-2026,SOURCE_REGISTRY_VERSION_MISMATCH,SOURCE_HOLD,Sundara Kanda,12,"5.12.1–5.12.25"
V15-X-248,STAGING-SUNDARA-SOURCE-NOTE-13-2026,SOURCE_REGISTRY_VERSION_MISMATCH,SOURCE_HOLD,Sundara Kanda,13,"5.13.1–5.13.69"
V15-X-249,STAGING-SUNDARA-SOURCE-NOTE-14-2026,SOURCE_REGISTRY_VERSION_MISMATCH,SOURCE_HOLD,Sundara Kanda,14,"5.14.1–5.14.52"
V15-X-250,STAGING-SUNDARA-SOURCE-NOTE-15-2026,SOURCE_REGISTRY_VERSION_MISMATCH,SOURCE_HOLD,Sundara Kanda,15,"5.15.1–5.15.54"
V15-X-251,STAGING-SUNDARA-SOURCE-NOTE-16-2026,SOURCE_REGISTRY_VERSION_MISMATCH,SOURCE_HOLD,Sundara Kanda,16,"5.16.1–5.16.32"
V15-X-252,STAGING-SUNDARA-SOURCE-NOTE-17-2026,SOURCE_REGISTRY_VERSION_MISMATCH,SOURCE_HOLD,Sundara Kanda,17,"5.17.2–5.17.32"
V15-X-253,STAGING-SUNDARA-SOURCE-NOTE-18-2026,SOURCE_REGISTRY_VERSION_MISMATCH,SOURCE_HOLD,Sundara Kanda,18,"5.18.1–5.18.32"
V15-X-254,STAGING-SUNDARA-SOURCE-NOTE-19-2026,SOURCE_REGISTRY_VERSION_MISMATCH,SOURCE_HOLD,Sundara Kanda,19,"5.19.1–5.19.23"
V15-X-255,STAGING-SUNDARA-SOURCE-NOTE-20-2026,SOURCE_REGISTRY_VERSION_MISMATCH,SOURCE_HOLD,Sundara Kanda,20,"5.20.1–5.20.36"
V15-X-256,STAGING-SUNDARA-SOURCE-NOTE-21-2026,SOURCE_REGISTRY_VERSION_MISMATCH,SOURCE_HOLD,Sundara Kanda,21,"5.21.1–5.21.34"
V15-X-257,STAGING-SUNDARA-SOURCE-NOTE-22-2026,SOURCE_REGISTRY_VERSION_MISMATCH,SOURCE_HOLD,Sundara Kanda,22,"5.22.1–5.22.46"
V15-X-258,STAGING-SUNDARA-SOURCE-NOTE-23-2026,SOURCE_REGISTRY_VERSION_MISMATCH,SOURCE_HOLD,Sundara Kanda,23,"5.23.1–5.23.21"
V15-X-259,STAGING-SUNDARA-SOURCE-NOTE-24-2026,SOURCE_REGISTRY_VERSION_MISMATCH,SOURCE_HOLD,Sundara Kanda,24,"5.24.1–5.24.48"
V15-X-260,STAGING-SUNDARA-SOURCE-NOTE-25-2026,SOURCE_REGISTRY_VERSION_MISMATCH,SOURCE_HOLD,Sundara Kanda,25,"5.25.1–5.25.20"
V15-X-261,STAGING-SUNDARA-SOURCE-NOTE-26-2026,SOURCE_REGISTRY_VERSION_MISMATCH,SOURCE_HOLD,Sundara Kanda,26,"5.26.1–5.26.51"
V15-X-262,STAGING-SUNDARA-SOURCE-NOTE-27-2026,SOURCE_REGISTRY_VERSION_MISMATCH,SOURCE_HOLD,Sundara Kanda,27,"5.27.1–5.27.51"
V15-X-263,STAGING-SUNDARA-SOURCE-NOTE-28-2026,SOURCE_REGISTRY_VERSION_MISMATCH,SOURCE_HOLD,Sundara Kanda,28,"5.28.1–5.28.20"
V15-X-264,STAGING-SUNDARA-SOURCE-NOTE-29-2026,SOURCE_REGISTRY_VERSION_MISMATCH,SOURCE_HOLD,Sundara Kanda,29,"5.29.1–5.29.8"
V15-X-265,STAGING-SUNDARA-SOURCE-NOTE-30-2026,SOURCE_REGISTRY_VERSION_MISMATCH,SOURCE_HOLD,Sundara Kanda,30,"5.30.1–5.30.44"
V15-X-266,STAGING-SUNDARA-SOURCE-NOTE-31-2026,SOURCE_REGISTRY_VERSION_MISMATCH,SOURCE_HOLD,Sundara Kanda,31,"5.31.1–5.31.19"
V15-X-267,STAGING-SUNDARA-SOURCE-NOTE-32-2026,SOURCE_REGISTRY_VERSION_MISMATCH,SOURCE_HOLD,Sundara Kanda,32,"5.32.1–5.32.14"
V15-X-268,STAGING-SUNDARA-SOURCE-NOTE-33-2026,SOURCE_REGISTRY_VERSION_MISMATCH,SOURCE_HOLD,Sundara Kanda,33,"5.33.1–5.33.31"
V15-X-269,STAGING-SUNDARA-SOURCE-NOTE-34-2026,SOURCE_REGISTRY_VERSION_MISMATCH,SOURCE_HOLD,Sundara Kanda,34,"5.34.1–5.34.41"
V15-X-270,STAGING-SUNDARA-SOURCE-NOTE-35-2026,SOURCE_REGISTRY_VERSION_MISMATCH,SOURCE_HOLD,Sundara Kanda,35,"5.35.1–5.35.89"
V15-X-271,STAGING-SUNDARA-SOURCE-NOTE-36-2026,SOURCE_REGISTRY_VERSION_MISMATCH,SOURCE_HOLD,Sundara Kanda,36,"5.36.1–5.36.47"
V15-X-272,STAGING-SUNDARA-SOURCE-NOTE-37-2026,SOURCE_REGISTRY_VERSION_MISMATCH,SOURCE_HOLD,Sundara Kanda,37,"5.37.1–5.37.66"
V15-X-273,STAGING-SUNDARA-SOURCE-NOTE-38-2026,SOURCE_REGISTRY_VERSION_MISMATCH,SOURCE_HOLD,Sundara Kanda,38,"5.38.1–5.38.73"
V15-X-274,STAGING-SUNDARA-SOURCE-NOTE-39-2026,SOURCE_REGISTRY_VERSION_MISMATCH,SOURCE_HOLD,Sundara Kanda,39,"5.39.1–5.39.54"
V15-X-275,STAGING-SUNDARA-SOURCE-NOTE-40-2026,SOURCE_REGISTRY_VERSION_MISMATCH,SOURCE_HOLD,Sundara Kanda,40,"5.40.1–5.40.25"
V15-X-276,STAGING-SUNDARA-SOURCE-NOTE-41-2026,SOURCE_REGISTRY_VERSION_MISMATCH,SOURCE_HOLD,Sundara Kanda,41,"5.41.1–5.41.21"
V15-X-277,STAGING-SUNDARA-SOURCE-NOTE-42-2026,SOURCE_REGISTRY_VERSION_MISMATCH,SOURCE_HOLD,Sundara Kanda,42,"5.42.1–5.42.43"
V15-X-278,STAGING-SUNDARA-SOURCE-NOTE-43-2026,SOURCE_REGISTRY_VERSION_MISMATCH,SOURCE_HOLD,Sundara Kanda,43,"5.43.1–5.43.25"
V15-X-279,STAGING-SUNDARA-SOURCE-NOTE-44-2026,SOURCE_REGISTRY_VERSION_MISMATCH,SOURCE_HOLD,Sundara Kanda,44,"5.44.1–5.44.20"
V15-X-280,STAGING-SUNDARA-SOURCE-NOTE-45-2026,SOURCE_REGISTRY_VERSION_MISMATCH,SOURCE_HOLD,Sundara Kanda,45,"5.45.1–5.45.17"
V15-X-281,STAGING-SUNDARA-SOURCE-NOTE-46-2026,SOURCE_REGISTRY_VERSION_MISMATCH,SOURCE_HOLD,Sundara Kanda,46,"5.46.1–5.46.39"
V15-X-282,STAGING-SUNDARA-SOURCE-NOTE-47-2026,SOURCE_REGISTRY_VERSION_MISMATCH,SOURCE_HOLD,Sundara Kanda,47,"5.47.1–5.47.38"
V15-X-283,STAGING-SUNDARA-SOURCE-NOTE-48-2026,SOURCE_REGISTRY_VERSION_MISMATCH,SOURCE_HOLD,Sundara Kanda,48,"5.48.1–5.48.61"
V15-X-284,STAGING-SUNDARA-SOURCE-NOTE-49-2026,SOURCE_REGISTRY_VERSION_MISMATCH,SOURCE_HOLD,Sundara Kanda,49,"5.49.1–5.49.20"
V15-X-285,STAGING-SUNDARA-SOURCE-NOTE-50-2026,SOURCE_REGISTRY_VERSION_MISMATCH,SOURCE_HOLD,Sundara Kanda,50,"5.50.1–5.50.19"
V15-X-286,STAGING-SUNDARA-SOURCE-NOTE-51-2026,SOURCE_REGISTRY_VERSION_MISMATCH,SOURCE_HOLD,Sundara Kanda,51,"5.51.1–5.51.46"
V15-X-287,STAGING-SUNDARA-SOURCE-NOTE-52-2026,SOURCE_REGISTRY_VERSION_MISMATCH,SOURCE_HOLD,Sundara Kanda,52,"5.52.1–5.52.27"
V15-X-288,STAGING-SUNDARA-SOURCE-NOTE-53-2026,SOURCE_REGISTRY_VERSION_MISMATCH,SOURCE_HOLD,Sundara Kanda,53,"5.53.1–5.53.44"
V15-X-289,STAGING-SUNDARA-SOURCE-NOTE-54-2026,SOURCE_REGISTRY_VERSION_MISMATCH,SOURCE_HOLD,Sundara Kanda,54,"5.54.1–5.54.50"
V15-X-290,STAGING-SUNDARA-SOURCE-NOTE-55-2026,SOURCE_REGISTRY_VERSION_MISMATCH,SOURCE_HOLD,Sundara Kanda,55,"5.55.1–5.55.34"
V15-X-291,STAGING-SUNDARA-SOURCE-NOTE-56-2026,SOURCE_REGISTRY_VERSION_MISMATCH,SOURCE_HOLD,Sundara Kanda,56,"5.56.1–5.56.34"
V15-X-292,STAGING-SUNDARA-SOURCE-NOTE-57-2026,SOURCE_REGISTRY_VERSION_MISMATCH,SOURCE_HOLD,Sundara Kanda,57,"5.57.1–5.57.51"
V15-X-293,STAGING-SUNDARA-SOURCE-NOTE-58-2026,SOURCE_REGISTRY_VERSION_MISMATCH,SOURCE_HOLD,Sundara Kanda,58,"5.58.1–5.58.166"
V15-X-294,STAGING-SUNDARA-SOURCE-NOTE-59-2026,SOURCE_REGISTRY_VERSION_MISMATCH,SOURCE_HOLD,Sundara Kanda,59,"5.59.1–5.59.36"
V15-X-295,STAGING-SUNDARA-SOURCE-NOTE-60-2026,SOURCE_REGISTRY_VERSION_MISMATCH,SOURCE_HOLD,Sundara Kanda,60,"5.60.1–5.60.6"
V15-X-296,STAGING-SUNDARA-SOURCE-NOTE-61-2026,SOURCE_REGISTRY_VERSION_MISMATCH,SOURCE_HOLD,Sundara Kanda,61,"5.61.1–5.61.23"
V15-X-297,STAGING-SUNDARA-SOURCE-NOTE-62-2026,SOURCE_REGISTRY_VERSION_MISMATCH,SOURCE_HOLD,Sundara Kanda,62,"5.62.1–5.62.40"
V15-X-298,STAGING-SUNDARA-SOURCE-NOTE-63-2026,SOURCE_REGISTRY_VERSION_MISMATCH,SOURCE_HOLD,Sundara Kanda,63,"5.63.1–5.63.29"
V15-X-299,STAGING-SUNDARA-SOURCE-NOTE-64-2026,SOURCE_REGISTRY_VERSION_MISMATCH,SOURCE_HOLD,Sundara Kanda,64,"5.64.1–5.64.39"
V15-X-300,STAGING-SUNDARA-SOURCE-NOTE-65-2026,SOURCE_REGISTRY_VERSION_MISMATCH,SOURCE_HOLD,Sundara Kanda,65,"5.65.1–5.65.27"
V15-X-301,STAGING-SUNDARA-SOURCE-NOTE-66-2026,SOURCE_REGISTRY_VERSION_MISMATCH,SOURCE_HOLD,Sundara Kanda,66,"5.66.1–5.66.15"
V15-X-302,STAGING-SUNDARA-SOURCE-NOTE-67-2026,SOURCE_REGISTRY_VERSION_MISMATCH,SOURCE_HOLD,Sundara Kanda,67,"5.67.1–5.67.37"
V15-X-303,STAGING-SUNDARA-SOURCE-NOTE-68-2026,SOURCE_REGISTRY_VERSION_MISMATCH,SOURCE_HOLD,Sundara Kanda,68,"5.68.1–5.68.29"
V15-X-304,STAGING-UTTARA-SARGA-1-2026,MISSING_CANONICAL_TARGET,SAFE_NEW,Uttara Kanda,1,"7.1.1 to 7.1.26"
V15-X-305,STAGING-UTTARA-SARGA-10-2026,MISSING_CANONICAL_TARGET,SAFE_NEW,Uttara Kanda,10,"7.10.1 to 7.10.25"
V15-X-306,STAGING-UTTARA-SARGA-100-2026,MISSING_CANONICAL_TARGET,SAFE_NEW,Uttara Kanda,100,"7.100.1 to 7.100.25"
V15-X-307,STAGING-UTTARA-SARGA-101-2026,MISSING_CANONICAL_TARGET,SAFE_NEW,Uttara Kanda,101,"7.101.1 to 7.101.25"
V15-X-308,STAGING-UTTARA-SARGA-102-2026,MISSING_CANONICAL_TARGET,SAFE_NEW,Uttara Kanda,102,"7.102.1 to 7.102.25"
V15-X-309,STAGING-UTTARA-SARGA-103-2026,MISSING_CANONICAL_TARGET,SAFE_NEW,Uttara Kanda,103,"7.103.1 to 7.103.25"
V15-X-310,STAGING-UTTARA-SARGA-104-2026,MISSING_CANONICAL_TARGET,SAFE_NEW,Uttara Kanda,104,"7.104.1 to 7.104.25"
V15-X-311,STAGING-UTTARA-SARGA-105-2026,MISSING_CANONICAL_TARGET,SAFE_NEW,Uttara Kanda,105,"7.105.1 to 7.105.25"
V15-X-312,STAGING-UTTARA-SARGA-106-2026,MISSING_CANONICAL_TARGET,SAFE_NEW,Uttara Kanda,106,"7.106.1 to 7.106.25"
V15-X-313,STAGING-UTTARA-SARGA-107-2026,MISSING_CANONICAL_TARGET,SAFE_NEW,Uttara Kanda,107,"7.107.1 to 7.107.25"
V15-X-314,STAGING-UTTARA-SARGA-108-2026,MISSING_CANONICAL_TARGET,SAFE_NEW,Uttara Kanda,108,"7.108.1 to 7.108.25"
V15-X-315,STAGING-UTTARA-SARGA-109-2026,MISSING_CANONICAL_TARGET,SAFE_NEW,Uttara Kanda,109,"7.109.1 to 7.109.25"
V15-X-316,STAGING-UTTARA-SARGA-11-2026,MISSING_CANONICAL_TARGET,SAFE_NEW,Uttara Kanda,11,"7.11.1 to 7.11.26"
V15-X-317,STAGING-UTTARA-SARGA-110-2026,MISSING_CANONICAL_TARGET,SAFE_NEW,Uttara Kanda,110,"7.110.1 to 7.110.25"
V15-X-318,STAGING-UTTARA-SARGA-111-2026,MISSING_CANONICAL_TARGET,SAFE_NEW,Uttara Kanda,111,"7.111.1 to 7.111.25"
V15-X-319,STAGING-UTTARA-SARGA-12-2026,MISSING_CANONICAL_TARGET,SAFE_NEW,Uttara Kanda,12,"7.12.1 to 7.12.27"
V15-X-320,STAGING-UTTARA-SARGA-13-2026,MISSING_CANONICAL_TARGET,SAFE_NEW,Uttara Kanda,13,"7.13.1 to 7.13.28"
V15-X-321,STAGING-UTTARA-SARGA-14-2026,MISSING_CANONICAL_TARGET,SAFE_NEW,Uttara Kanda,14,"7.14.1 to 7.14.29"
V15-X-322,STAGING-UTTARA-SARGA-15-2026,MISSING_CANONICAL_TARGET,SAFE_NEW,Uttara Kanda,15,"7.15.1 to 7.15.30"
V15-X-323,STAGING-UTTARA-SARGA-16-2026,MISSING_CANONICAL_TARGET,SAFE_NEW,Uttara Kanda,16,"7.16.1 to 7.16.31"
V15-X-324,STAGING-UTTARA-SARGA-17-2026,MISSING_CANONICAL_TARGET,SAFE_NEW,Uttara Kanda,17,"7.17.1 to 7.17.32"
V15-X-325,STAGING-UTTARA-SARGA-18-2026,MISSING_CANONICAL_TARGET,SAFE_NEW,Uttara Kanda,18,"7.18.1 to 7.18.33"
V15-X-326,STAGING-UTTARA-SARGA-19-2026,MISSING_CANONICAL_TARGET,SAFE_NEW,Uttara Kanda,19,"7.19.1 to 7.19.34"
V15-X-327,STAGING-UTTARA-SARGA-2-2026,MISSING_CANONICAL_TARGET,SAFE_NEW,Uttara Kanda,2,"7.2.1 to 7.2.27"
V15-X-328,STAGING-UTTARA-SARGA-20-2026,MISSING_CANONICAL_TARGET,SAFE_NEW,Uttara Kanda,20,"7.20.1 to 7.20.25"
V15-X-329,STAGING-UTTARA-SARGA-21-2026,MISSING_CANONICAL_TARGET,SAFE_NEW,Uttara Kanda,21,"7.21.1 to 7.21.26"
V15-X-330,STAGING-UTTARA-SARGA-22-2026,MISSING_CANONICAL_TARGET,SAFE_NEW,Uttara Kanda,22,"7.22.1 to 7.22.27"
V15-X-331,STAGING-UTTARA-SARGA-23-2026,MISSING_CANONICAL_TARGET,SAFE_NEW,Uttara Kanda,23,"7.23.1 to 7.23.28"
V15-X-332,STAGING-UTTARA-SARGA-24-2026,MISSING_CANONICAL_TARGET,SAFE_NEW,Uttara Kanda,24,"7.24.1 to 7.24.29"
V15-X-333,STAGING-UTTARA-SARGA-25-2026,MISSING_CANONICAL_TARGET,SAFE_NEW,Uttara Kanda,25,"7.25.1 to 7.25.30"
V15-X-334,STAGING-UTTARA-SARGA-26-2026,MISSING_CANONICAL_TARGET,SAFE_NEW,Uttara Kanda,26,"7.26.1 to 7.26.31"
V15-X-335,STAGING-UTTARA-SARGA-27-2026,MISSING_CANONICAL_TARGET,SAFE_NEW,Uttara Kanda,27,"7.27.1 to 7.27.32"
V15-X-336,STAGING-UTTARA-SARGA-28-2026,MISSING_CANONICAL_TARGET,SAFE_NEW,Uttara Kanda,28,"7.28.1 to 7.28.33"
V15-X-337,STAGING-UTTARA-SARGA-29-2026,MISSING_CANONICAL_TARGET,SAFE_NEW,Uttara Kanda,29,"7.29.1 to 7.29.34"
V15-X-338,STAGING-UTTARA-SARGA-3-2026,MISSING_CANONICAL_TARGET,SAFE_NEW,Uttara Kanda,3,"7.3.1 to 7.3.28"
V15-X-339,STAGING-UTTARA-SARGA-30-2026,MISSING_CANONICAL_TARGET,SAFE_NEW,Uttara Kanda,30,"7.30.1 to 7.30.25"
V15-X-340,STAGING-UTTARA-SARGA-31-2026,MISSING_CANONICAL_TARGET,SAFE_NEW,Uttara Kanda,31,"7.31.1 to 7.31.26"
V15-X-341,STAGING-UTTARA-SARGA-32-2026,MISSING_CANONICAL_TARGET,SAFE_NEW,Uttara Kanda,32,"7.32.1 to 7.32.27"
V15-X-342,STAGING-UTTARA-SARGA-33-2026,MISSING_CANONICAL_TARGET,SAFE_NEW,Uttara Kanda,33,"7.33.1 to 7.33.28"
V15-X-343,STAGING-UTTARA-SARGA-34-2026,MISSING_CANONICAL_TARGET,SAFE_NEW,Uttara Kanda,34,"7.34.1 to 7.34.29"
V15-X-344,STAGING-UTTARA-SARGA-35-2026,MISSING_CANONICAL_TARGET,SAFE_NEW,Uttara Kanda,35,"7.35.1 to 7.35.30"
V15-X-345,STAGING-UTTARA-SARGA-36-2026,MISSING_CANONICAL_TARGET,SAFE_NEW,Uttara Kanda,36,"7.36.1 to 7.36.31"
V15-X-346,STAGING-UTTARA-SARGA-37-2026,MISSING_CANONICAL_TARGET,SAFE_NEW,Uttara Kanda,37,"7.37.1 to 7.37.32"
V15-X-347,STAGING-UTTARA-SARGA-38-2026,MISSING_CANONICAL_TARGET,SAFE_NEW,Uttara Kanda,38,"7.38.1 to 7.38.33"
V15-X-348,STAGING-UTTARA-SARGA-39-2026,MISSING_CANONICAL_TARGET,SAFE_NEW,Uttara Kanda,39,"7.39.1 to 7.39.34"
V15-X-349,STAGING-UTTARA-SARGA-4-2026,MISSING_CANONICAL_TARGET,SAFE_NEW,Uttara Kanda,4,"7.4.1 to 7.4.29"
V15-X-350,STAGING-UTTARA-SARGA-40-2026,MISSING_CANONICAL_TARGET,SAFE_NEW,Uttara Kanda,40,"7.40.1 to 7.40.25"
V15-X-351,STAGING-UTTARA-SARGA-41-2026,MISSING_CANONICAL_TARGET,SAFE_NEW,Uttara Kanda,41,"7.41.1 to 7.41.26"
V15-X-352,STAGING-UTTARA-SARGA-42-2026,MISSING_CANONICAL_TARGET,SAFE_NEW,Uttara Kanda,42,"7.42.1 to 7.42.27"
V15-X-353,STAGING-UTTARA-SARGA-43-2026,MISSING_CANONICAL_TARGET,SAFE_NEW,Uttara Kanda,43,"7.43.1 to 7.43.28"
V15-X-354,STAGING-UTTARA-SARGA-44-2026,MISSING_CANONICAL_TARGET,SAFE_NEW,Uttara Kanda,44,"7.44.1 to 7.44.29"
V15-X-355,STAGING-UTTARA-SARGA-45-2026,MISSING_CANONICAL_TARGET,SAFE_NEW,Uttara Kanda,45,"7.45.1 to 7.45.30"
V15-X-356,STAGING-UTTARA-SARGA-46-2026,MISSING_CANONICAL_TARGET,SAFE_NEW,Uttara Kanda,46,"7.46.1 to 7.46.31"
V15-X-357,STAGING-UTTARA-SARGA-47-2026,MISSING_CANONICAL_TARGET,SAFE_NEW,Uttara Kanda,47,"7.47.1 to 7.47.32"
V15-X-358,STAGING-UTTARA-SARGA-48-2026,MISSING_CANONICAL_TARGET,SAFE_NEW,Uttara Kanda,48,"7.48.1 to 7.48.33"
V15-X-359,STAGING-UTTARA-SARGA-49-2026,MISSING_CANONICAL_TARGET,SAFE_NEW,Uttara Kanda,49,"7.49.1 to 7.49.34"
V15-X-360,STAGING-UTTARA-SARGA-5-2026,MISSING_CANONICAL_TARGET,SAFE_NEW,Uttara Kanda,5,"7.5.1 to 7.5.30"
V15-X-361,STAGING-UTTARA-SARGA-50-2026,MISSING_CANONICAL_TARGET,SAFE_NEW,Uttara Kanda,50,"7.50.1 to 7.50.25"
V15-X-362,STAGING-UTTARA-SARGA-51-2026,MISSING_CANONICAL_TARGET,SAFE_NEW,Uttara Kanda,51,"7.51.1 to 7.51.26"
V15-X-363,STAGING-UTTARA-SARGA-52-2026,MISSING_CANONICAL_TARGET,SAFE_NEW,Uttara Kanda,52,"7.52.1 to 7.52.27"
V15-X-364,STAGING-UTTARA-SARGA-53-2026,MISSING_CANONICAL_TARGET,SAFE_NEW,Uttara Kanda,53,"7.53.1 to 7.53.28"
V15-X-365,STAGING-UTTARA-SARGA-54-2026,MISSING_CANONICAL_TARGET,SAFE_NEW,Uttara Kanda,54,"7.54.1 to 7.54.29"
V15-X-366,STAGING-UTTARA-SARGA-55-2026,MISSING_CANONICAL_TARGET,SAFE_NEW,Uttara Kanda,55,"7.55.1 to 7.55.30"
V15-X-367,STAGING-UTTARA-SARGA-56-2026,MISSING_CANONICAL_TARGET,SAFE_NEW,Uttara Kanda,56,"7.56.1 to 7.56.31"
V15-X-368,STAGING-UTTARA-SARGA-57-2026,MISSING_CANONICAL_TARGET,SAFE_NEW,Uttara Kanda,57,"7.57.1 to 7.57.32"
V15-X-369,STAGING-UTTARA-SARGA-58-2026,MISSING_CANONICAL_TARGET,SAFE_NEW,Uttara Kanda,58,"7.58.1 to 7.58.33"
V15-X-370,STAGING-UTTARA-SARGA-59-2026,MISSING_CANONICAL_TARGET,SAFE_NEW,Uttara Kanda,59,"7.59.1 to 7.59.34"
V15-X-371,STAGING-UTTARA-SARGA-6-2026,MISSING_CANONICAL_TARGET,SAFE_NEW,Uttara Kanda,6,"7.6.1 to 7.6.31"
V15-X-372,STAGING-UTTARA-SARGA-60-2026,MISSING_CANONICAL_TARGET,SAFE_NEW,Uttara Kanda,60,"7.60.1 to 7.60.25"
V15-X-373,STAGING-UTTARA-SARGA-61-2026,MISSING_CANONICAL_TARGET,SAFE_NEW,Uttara Kanda,61,"7.61.1 to 7.61.25"
V15-X-374,STAGING-UTTARA-SARGA-62-2026,MISSING_CANONICAL_TARGET,SAFE_NEW,Uttara Kanda,62,"7.62.1 to 7.62.25"
V15-X-375,STAGING-UTTARA-SARGA-63-2026,MISSING_CANONICAL_TARGET,SAFE_NEW,Uttara Kanda,63,"7.63.1 to 7.63.25"
V15-X-376,STAGING-UTTARA-SARGA-64-2026,MISSING_CANONICAL_TARGET,SAFE_NEW,Uttara Kanda,64,"7.64.1 to 7.64.25"
V15-X-377,STAGING-UTTARA-SARGA-65-2026,MISSING_CANONICAL_TARGET,SAFE_NEW,Uttara Kanda,65,"7.65.1 to 7.65.25"
V15-X-378,STAGING-UTTARA-SARGA-66-2026,MISSING_CANONICAL_TARGET,SAFE_NEW,Uttara Kanda,66,"7.66.1 to 7.66.25"
V15-X-379,STAGING-UTTARA-SARGA-67-2026,MISSING_CANONICAL_TARGET,SAFE_NEW,Uttara Kanda,67,"7.67.1 to 7.67.25"
V15-X-380,STAGING-UTTARA-SARGA-68-2026,MISSING_CANONICAL_TARGET,SAFE_NEW,Uttara Kanda,68,"7.68.1 to 7.68.25"
V15-X-381,STAGING-UTTARA-SARGA-69-2026,MISSING_CANONICAL_TARGET,SAFE_NEW,Uttara Kanda,69,"7.69.1 to 7.69.25"
V15-X-382,STAGING-UTTARA-SARGA-7-2026,MISSING_CANONICAL_TARGET,SAFE_NEW,Uttara Kanda,7,"7.7.1 to 7.7.32"
V15-X-383,STAGING-UTTARA-SARGA-70-2026,MISSING_CANONICAL_TARGET,SAFE_NEW,Uttara Kanda,70,"7.70.1 to 7.70.25"
V15-X-384,STAGING-UTTARA-SARGA-71-2026,MISSING_CANONICAL_TARGET,SAFE_NEW,Uttara Kanda,71,"7.71.1 to 7.71.25"
V15-X-385,STAGING-UTTARA-SARGA-72-2026,MISSING_CANONICAL_TARGET,SAFE_NEW,Uttara Kanda,72,"7.72.1 to 7.72.25"
V15-X-386,STAGING-UTTARA-SARGA-73-2026,MISSING_CANONICAL_TARGET,SAFE_NEW,Uttara Kanda,73,"7.73.1 to 7.73.25"
V15-X-387,STAGING-UTTARA-SARGA-74-2026,MISSING_CANONICAL_TARGET,SAFE_NEW,Uttara Kanda,74,"7.74.1 to 7.74.25"
V15-X-388,STAGING-UTTARA-SARGA-75-2026,MISSING_CANONICAL_TARGET,SAFE_NEW,Uttara Kanda,75,"7.75.1 to 7.75.25"
V15-X-389,STAGING-UTTARA-SARGA-76-2026,MISSING_CANONICAL_TARGET,SAFE_NEW,Uttara Kanda,76,"7.76.1 to 7.76.25"
V15-X-390,STAGING-UTTARA-SARGA-77-2026,MISSING_CANONICAL_TARGET,SAFE_NEW,Uttara Kanda,77,"7.77.1 to 7.77.25"
V15-X-391,STAGING-UTTARA-SARGA-78-2026,MISSING_CANONICAL_TARGET,SAFE_NEW,Uttara Kanda,78,"7.78.1 to 7.78.25"
V15-X-392,STAGING-UTTARA-SARGA-79-2026,MISSING_CANONICAL_TARGET,SAFE_NEW,Uttara Kanda,79,"7.79.1 to 7.79.25"
V15-X-393,STAGING-UTTARA-SARGA-8-2026,MISSING_CANONICAL_TARGET,SAFE_NEW,Uttara Kanda,8,"7.8.1 to 7.8.33"
V15-X-394,STAGING-UTTARA-SARGA-80-2026,MISSING_CANONICAL_TARGET,SAFE_NEW,Uttara Kanda,80,"7.80.1 to 7.80.25"
V15-X-395,STAGING-UTTARA-SARGA-81-2026,MISSING_CANONICAL_TARGET,SAFE_NEW,Uttara Kanda,81,"7.81.1 to 7.81.25"
V15-X-396,STAGING-UTTARA-SARGA-82-2026,MISSING_CANONICAL_TARGET,SAFE_NEW,Uttara Kanda,82,"7.82.1 to 7.82.25"
V15-X-397,STAGING-UTTARA-SARGA-83-2026,MISSING_CANONICAL_TARGET,SAFE_NEW,Uttara Kanda,83,"7.83.1 to 7.83.25"
V15-X-398,STAGING-UTTARA-SARGA-84-2026,MISSING_CANONICAL_TARGET,SAFE_NEW,Uttara Kanda,84,"7.84.1 to 7.84.25"
V15-X-399,STAGING-UTTARA-SARGA-85-2026,MISSING_CANONICAL_TARGET,SAFE_NEW,Uttara Kanda,85,"7.85.1 to 7.85.25"
V15-X-400,STAGING-UTTARA-SARGA-86-2026,MISSING_CANONICAL_TARGET,SAFE_NEW,Uttara Kanda,86,"7.86.1 to 7.86.25"
V15-X-401,STAGING-UTTARA-SARGA-87-2026,MISSING_CANONICAL_TARGET,SAFE_NEW,Uttara Kanda,87,"7.87.1 to 7.87.25"
V15-X-402,STAGING-UTTARA-SARGA-88-2026,MISSING_CANONICAL_TARGET,SAFE_NEW,Uttara Kanda,88,"7.88.1 to 7.88.25"
V15-X-403,STAGING-UTTARA-SARGA-89-2026,MISSING_CANONICAL_TARGET,SAFE_NEW,Uttara Kanda,89,"7.89.1 to 7.89.25"
V15-X-404,STAGING-UTTARA-SARGA-9-2026,MISSING_CANONICAL_TARGET,SAFE_NEW,Uttara Kanda,9,"7.9.1 to 7.9.34"
V15-X-405,STAGING-UTTARA-SARGA-90-2026,MISSING_CANONICAL_TARGET,SAFE_NEW,Uttara Kanda,90,"7.90.1 to 7.90.25"
V15-X-406,STAGING-UTTARA-SARGA-91-2026,MISSING_CANONICAL_TARGET,SAFE_NEW,Uttara Kanda,91,"7.91.1 to 7.91.25"
V15-X-407,STAGING-UTTARA-SARGA-92-2026,MISSING_CANONICAL_TARGET,SAFE_NEW,Uttara Kanda,92,"7.92.1 to 7.92.25"
V15-X-408,STAGING-UTTARA-SARGA-93-2026,MISSING_CANONICAL_TARGET,SAFE_NEW,Uttara Kanda,93,"7.93.1 to 7.93.25"
V15-X-409,STAGING-UTTARA-SARGA-94-2026,MISSING_CANONICAL_TARGET,SAFE_NEW,Uttara Kanda,94,"7.94.1 to 7.94.25"
V15-X-410,STAGING-UTTARA-SARGA-95-2026,MISSING_CANONICAL_TARGET,SAFE_NEW,Uttara Kanda,95,"7.95.1 to 7.95.25"
V15-X-411,STAGING-UTTARA-SARGA-96-2026,MISSING_CANONICAL_TARGET,SAFE_NEW,Uttara Kanda,96,"7.96.1 to 7.96.25"
V15-X-412,STAGING-UTTARA-SARGA-97-2026,MISSING_CANONICAL_TARGET,SAFE_NEW,Uttara Kanda,97,"7.97.1 to 7.97.25"
V15-X-413,STAGING-UTTARA-SARGA-98-2026,MISSING_CANONICAL_TARGET,SAFE_NEW,Uttara Kanda,98,"7.98.1 to 7.98.25"
V15-X-414,STAGING-UTTARA-SARGA-99-2026,MISSING_CANONICAL_TARGET,SAFE_NEW,Uttara Kanda,99,"7.99.1 to 7.99.25"
V15-X-415,STAGING-YUDDHA-SARGA-1-2026,MISSING_CANONICAL_TARGET,SAFE_NEW,Yuddha Kanda,1,"6.1.1 to 6.1.26"
V15-X-416,STAGING-YUDDHA-SARGA-10-2026,MISSING_CANONICAL_TARGET,SAFE_NEW,Yuddha Kanda,10,"6.10.1 to 6.10.35"
V15-X-417,STAGING-YUDDHA-SARGA-100-2026,MISSING_CANONICAL_TARGET,SAFE_NEW,Yuddha Kanda,100,"6.100.1 to 6.100.30"
V15-X-418,STAGING-YUDDHA-SARGA-101-2026,MISSING_CANONICAL_TARGET,SAFE_NEW,Yuddha Kanda,101,"6.101.1 to 6.101.31"
V15-X-419,STAGING-YUDDHA-SARGA-102-2026,MISSING_CANONICAL_TARGET,SAFE_NEW,Yuddha Kanda,102,"6.102.1 to 6.102.32"
V15-X-420,STAGING-YUDDHA-SARGA-103-2026,MISSING_CANONICAL_TARGET,SAFE_NEW,Yuddha Kanda,103,"6.103.1 to 6.103.33"
V15-X-421,STAGING-YUDDHA-SARGA-104-2026,MISSING_CANONICAL_TARGET,SAFE_NEW,Yuddha Kanda,104,"6.104.1 to 6.104.34"
V15-X-422,STAGING-YUDDHA-SARGA-105-2026,MISSING_CANONICAL_TARGET,SAFE_NEW,Yuddha Kanda,105,"6.105.1 to 6.105.20"
V15-X-423,STAGING-YUDDHA-SARGA-106-2026,MISSING_CANONICAL_TARGET,SAFE_NEW,Yuddha Kanda,106,"6.106.1 to 6.106.21"
V15-X-424,STAGING-YUDDHA-SARGA-107-2026,MISSING_CANONICAL_TARGET,SAFE_NEW,Yuddha Kanda,107,"6.107.1 to 6.107.22"
V15-X-425,STAGING-YUDDHA-SARGA-108-2026,MISSING_CANONICAL_TARGET,SAFE_NEW,Yuddha Kanda,108,"6.108.1 to 6.108.23"
V15-X-426,STAGING-YUDDHA-SARGA-109-2026,MISSING_CANONICAL_TARGET,SAFE_NEW,Yuddha Kanda,109,"6.109.1 to 6.109.24"
V15-X-427,STAGING-YUDDHA-SARGA-11-2026,MISSING_CANONICAL_TARGET,SAFE_NEW,Yuddha Kanda,11,"6.11.1 to 6.11.36"
V15-X-428,STAGING-YUDDHA-SARGA-110-2026,MISSING_CANONICAL_TARGET,SAFE_NEW,Yuddha Kanda,110,"6.110.1 to 6.110.25"
V15-X-429,STAGING-YUDDHA-SARGA-111-2026,MISSING_CANONICAL_TARGET,SAFE_NEW,Yuddha Kanda,111,"6.111.1 to 6.111.26"
V15-X-430,STAGING-YUDDHA-SARGA-112-2026,MISSING_CANONICAL_TARGET,SAFE_NEW,Yuddha Kanda,112,"6.112.1 to 6.112.27"
V15-X-431,STAGING-YUDDHA-SARGA-113-2026,MISSING_CANONICAL_TARGET,SAFE_NEW,Yuddha Kanda,113,"6.113.1 to 6.113.28"
V15-X-432,STAGING-YUDDHA-SARGA-114-2026,MISSING_CANONICAL_TARGET,SAFE_NEW,Yuddha Kanda,114,"6.114.1 to 6.114.29"
V15-X-433,STAGING-YUDDHA-SARGA-115-2026,MISSING_CANONICAL_TARGET,SAFE_NEW,Yuddha Kanda,115,"6.115.1 to 6.115.30"
V15-X-434,STAGING-YUDDHA-SARGA-116-2026,MISSING_CANONICAL_TARGET,SAFE_NEW,Yuddha Kanda,116,"6.116.1 to 6.116.31"
V15-X-435,STAGING-YUDDHA-SARGA-117-2026,MISSING_CANONICAL_TARGET,SAFE_NEW,Yuddha Kanda,117,"6.117.1 to 6.117.32"
V15-X-436,STAGING-YUDDHA-SARGA-118-2026,MISSING_CANONICAL_TARGET,SAFE_NEW,Yuddha Kanda,118,"6.118.1 to 6.118.33"
V15-X-437,STAGING-YUDDHA-SARGA-119-2026,MISSING_CANONICAL_TARGET,SAFE_NEW,Yuddha Kanda,119,"6.119.1 to 6.119.34"
V15-X-438,STAGING-YUDDHA-SARGA-12-2026,MISSING_CANONICAL_TARGET,SAFE_NEW,Yuddha Kanda,12,"6.12.1 to 6.12.37"
V15-X-439,STAGING-YUDDHA-SARGA-120-2026,MISSING_CANONICAL_TARGET,SAFE_NEW,Yuddha Kanda,120,"6.120.1 to 6.120.20"
V15-X-440,STAGING-YUDDHA-SARGA-121-2026,MISSING_CANONICAL_TARGET,SAFE_NEW,Yuddha Kanda,121,"6.121.1 to 6.121.21"
V15-X-441,STAGING-YUDDHA-SARGA-122-2026,MISSING_CANONICAL_TARGET,SAFE_NEW,Yuddha Kanda,122,"6.122.1 to 6.122.22"
V15-X-442,STAGING-YUDDHA-SARGA-123-2026,MISSING_CANONICAL_TARGET,SAFE_NEW,Yuddha Kanda,123,"6.123.1 to 6.123.23"
V15-X-443,STAGING-YUDDHA-SARGA-124-2026,MISSING_CANONICAL_TARGET,SAFE_NEW,Yuddha Kanda,124,"6.124.1 to 6.124.24"
V15-X-444,STAGING-YUDDHA-SARGA-125-2026,MISSING_CANONICAL_TARGET,SAFE_NEW,Yuddha Kanda,125,"6.125.1 to 6.125.25"
V15-X-445,STAGING-YUDDHA-SARGA-126-2026,MISSING_CANONICAL_TARGET,SAFE_NEW,Yuddha Kanda,126,"6.126.1 to 6.126.26"
V15-X-446,STAGING-YUDDHA-SARGA-127-2026,MISSING_CANONICAL_TARGET,SAFE_NEW,Yuddha Kanda,127,"6.127.1 to 6.127.27"
V15-X-447,STAGING-YUDDHA-SARGA-128-2026,MISSING_CANONICAL_TARGET,SAFE_NEW,Yuddha Kanda,128,"6.128.1 to 6.128.28"
V15-X-448,STAGING-YUDDHA-SARGA-13-2026,MISSING_CANONICAL_TARGET,SAFE_NEW,Yuddha Kanda,13,"6.13.1 to 6.13.38"
V15-X-449,STAGING-YUDDHA-SARGA-14-2026,MISSING_CANONICAL_TARGET,SAFE_NEW,Yuddha Kanda,14,"6.14.1 to 6.14.39"
V15-X-450,STAGING-YUDDHA-SARGA-15-2026,MISSING_CANONICAL_TARGET,SAFE_NEW,Yuddha Kanda,15,"6.15.1 to 6.15.25"
V15-X-451,STAGING-YUDDHA-SARGA-16-2026,MISSING_CANONICAL_TARGET,SAFE_NEW,Yuddha Kanda,16,"6.16.1 to 6.16.26"
V15-X-452,STAGING-YUDDHA-SARGA-17-2026,MISSING_CANONICAL_TARGET,SAFE_NEW,Yuddha Kanda,17,"6.17.1 to 6.17.27"
V15-X-453,STAGING-YUDDHA-SARGA-18-2026,MISSING_CANONICAL_TARGET,SAFE_NEW,Yuddha Kanda,18,"6.18.1 to 6.18.28"
V15-X-454,STAGING-YUDDHA-SARGA-19-2026,MISSING_CANONICAL_TARGET,SAFE_NEW,Yuddha Kanda,19,"6.19.1 to 6.19.29"
V15-X-455,STAGING-YUDDHA-SARGA-2-2026,MISSING_CANONICAL_TARGET,SAFE_NEW,Yuddha Kanda,2,"6.2.1 to 6.2.27"
V15-X-456,STAGING-YUDDHA-SARGA-20-2026,MISSING_CANONICAL_TARGET,SAFE_NEW,Yuddha Kanda,20,"6.20.1 to 6.20.30"
V15-X-457,STAGING-YUDDHA-SARGA-21-2026,MISSING_CANONICAL_TARGET,SAFE_NEW,Yuddha Kanda,21,"6.21.1 to 6.21.31"
V15-X-458,STAGING-YUDDHA-SARGA-22-2026,MISSING_CANONICAL_TARGET,SAFE_NEW,Yuddha Kanda,22,"6.22.1 to 6.22.32"
V15-X-459,STAGING-YUDDHA-SARGA-23-2026,MISSING_CANONICAL_TARGET,SAFE_NEW,Yuddha Kanda,23,"6.23.1 to 6.23.33"
V15-X-460,STAGING-YUDDHA-SARGA-24-2026,MISSING_CANONICAL_TARGET,SAFE_NEW,Yuddha Kanda,24,"6.24.1 to 6.24.34"
V15-X-461,STAGING-YUDDHA-SARGA-25-2026,MISSING_CANONICAL_TARGET,SAFE_NEW,Yuddha Kanda,25,"6.25.1 to 6.25.35"
V15-X-462,STAGING-YUDDHA-SARGA-26-2026,MISSING_CANONICAL_TARGET,SAFE_NEW,Yuddha Kanda,26,"6.26.1 to 6.26.36"
V15-X-463,STAGING-YUDDHA-SARGA-27-2026,MISSING_CANONICAL_TARGET,SAFE_NEW,Yuddha Kanda,27,"6.27.1 to 6.27.37"
V15-X-464,STAGING-YUDDHA-SARGA-28-2026,MISSING_CANONICAL_TARGET,SAFE_NEW,Yuddha Kanda,28,"6.28.1 to 6.28.38"
V15-X-465,STAGING-YUDDHA-SARGA-29-2026,MISSING_CANONICAL_TARGET,SAFE_NEW,Yuddha Kanda,29,"6.29.1 to 6.29.39"
V15-X-466,STAGING-YUDDHA-SARGA-3-2026,MISSING_CANONICAL_TARGET,SAFE_NEW,Yuddha Kanda,3,"6.3.1 to 6.3.28"
V15-X-467,STAGING-YUDDHA-SARGA-30-2026,MISSING_CANONICAL_TARGET,SAFE_NEW,Yuddha Kanda,30,"6.30.1 to 6.30.25"
V15-X-468,STAGING-YUDDHA-SARGA-31-2026,MISSING_CANONICAL_TARGET,SAFE_NEW,Yuddha Kanda,31,"6.31.1 to 6.31.26"
V15-X-469,STAGING-YUDDHA-SARGA-32-2026,MISSING_CANONICAL_TARGET,SAFE_NEW,Yuddha Kanda,32,"6.32.1 to 6.32.27"
V15-X-470,STAGING-YUDDHA-SARGA-33-2026,MISSING_CANONICAL_TARGET,SAFE_NEW,Yuddha Kanda,33,"6.33.1 to 6.33.28"
V15-X-471,STAGING-YUDDHA-SARGA-34-2026,MISSING_CANONICAL_TARGET,SAFE_NEW,Yuddha Kanda,34,"6.34.1 to 6.34.29"
V15-X-472,STAGING-YUDDHA-SARGA-35-2026,MISSING_CANONICAL_TARGET,SAFE_NEW,Yuddha Kanda,35,"6.35.1 to 6.35.30"
V15-X-473,STAGING-YUDDHA-SARGA-36-2026,MISSING_CANONICAL_TARGET,SAFE_NEW,Yuddha Kanda,36,"6.36.1 to 6.36.31"
V15-X-474,STAGING-YUDDHA-SARGA-37-2026,MISSING_CANONICAL_TARGET,SAFE_NEW,Yuddha Kanda,37,"6.37.1 to 6.37.32"
V15-X-475,STAGING-YUDDHA-SARGA-38-2026,MISSING_CANONICAL_TARGET,SAFE_NEW,Yuddha Kanda,38,"6.38.1 to 6.38.33"
V15-X-476,STAGING-YUDDHA-SARGA-39-2026,MISSING_CANONICAL_TARGET,SAFE_NEW,Yuddha Kanda,39,"6.39.1 to 6.39.34"
V15-X-477,STAGING-YUDDHA-SARGA-4-2026,MISSING_CANONICAL_TARGET,SAFE_NEW,Yuddha Kanda,4,"6.4.1 to 6.4.29"
V15-X-478,STAGING-YUDDHA-SARGA-40-2026,MISSING_CANONICAL_TARGET,SAFE_NEW,Yuddha Kanda,40,"6.40.1 to 6.40.35"
V15-X-479,STAGING-YUDDHA-SARGA-41-2026,MISSING_CANONICAL_TARGET,SAFE_NEW,Yuddha Kanda,41,"6.41.1 to 6.41.36"
V15-X-480,STAGING-YUDDHA-SARGA-42-2026,MISSING_CANONICAL_TARGET,SAFE_NEW,Yuddha Kanda,42,"6.42.1 to 6.42.37"
V15-X-481,STAGING-YUDDHA-SARGA-43-2026,MISSING_CANONICAL_TARGET,SAFE_NEW,Yuddha Kanda,43,"6.43.1 to 6.43.38"
V15-X-482,STAGING-YUDDHA-SARGA-44-2026,MISSING_CANONICAL_TARGET,SAFE_NEW,Yuddha Kanda,44,"6.44.1 to 6.44.39"
V15-X-483,STAGING-YUDDHA-SARGA-45-2026,MISSING_CANONICAL_TARGET,SAFE_NEW,Yuddha Kanda,45,"6.45.1 to 6.45.25"
V15-X-484,STAGING-YUDDHA-SARGA-46-2026,MISSING_CANONICAL_TARGET,SAFE_NEW,Yuddha Kanda,46,"6.46.1 to 6.46.26"
V15-X-485,STAGING-YUDDHA-SARGA-47-2026,MISSING_CANONICAL_TARGET,SAFE_NEW,Yuddha Kanda,47,"6.47.1 to 6.47.27"
V15-X-486,STAGING-YUDDHA-SARGA-48-2026,MISSING_CANONICAL_TARGET,SAFE_NEW,Yuddha Kanda,48,"6.48.1 to 6.48.28"
V15-X-487,STAGING-YUDDHA-SARGA-49-2026,MISSING_CANONICAL_TARGET,SAFE_NEW,Yuddha Kanda,49,"6.49.1 to 6.49.29"
V15-X-488,STAGING-YUDDHA-SARGA-5-2026,MISSING_CANONICAL_TARGET,SAFE_NEW,Yuddha Kanda,5,"6.5.1 to 6.5.30"
V15-X-489,STAGING-YUDDHA-SARGA-50-2026,MISSING_CANONICAL_TARGET,SAFE_NEW,Yuddha Kanda,50,"6.50.1 to 6.50.30"
V15-X-490,STAGING-YUDDHA-SARGA-51-2026,MISSING_CANONICAL_TARGET,SAFE_NEW,Yuddha Kanda,51,"6.51.1 to 6.51.31"
V15-X-491,STAGING-YUDDHA-SARGA-52-2026,MISSING_CANONICAL_TARGET,SAFE_NEW,Yuddha Kanda,52,"6.52.1 to 6.52.32"
V15-X-492,STAGING-YUDDHA-SARGA-53-2026,MISSING_CANONICAL_TARGET,SAFE_NEW,Yuddha Kanda,53,"6.53.1 to 6.53.33"
V15-X-493,STAGING-YUDDHA-SARGA-54-2026,MISSING_CANONICAL_TARGET,SAFE_NEW,Yuddha Kanda,54,"6.54.1 to 6.54.34"
V15-X-494,STAGING-YUDDHA-SARGA-55-2026,MISSING_CANONICAL_TARGET,SAFE_NEW,Yuddha Kanda,55,"6.55.1 to 6.55.35"
V15-X-495,STAGING-YUDDHA-SARGA-56-2026,MISSING_CANONICAL_TARGET,SAFE_NEW,Yuddha Kanda,56,"6.56.1 to 6.56.36"
V15-X-496,STAGING-YUDDHA-SARGA-57-2026,MISSING_CANONICAL_TARGET,SAFE_NEW,Yuddha Kanda,57,"6.57.1 to 6.57.37"
V15-X-497,STAGING-YUDDHA-SARGA-58-2026,MISSING_CANONICAL_TARGET,SAFE_NEW,Yuddha Kanda,58,"6.58.1 to 6.58.38"
V15-X-498,STAGING-YUDDHA-SARGA-59-2026,MISSING_CANONICAL_TARGET,SAFE_NEW,Yuddha Kanda,59,"6.59.1 to 6.59.39"
V15-X-499,STAGING-YUDDHA-SARGA-6-2026,MISSING_CANONICAL_TARGET,SAFE_NEW,Yuddha Kanda,6,"6.6.1 to 6.6.31"
V15-X-500,STAGING-YUDDHA-SARGA-60-2026,MISSING_CANONICAL_TARGET,SAFE_NEW,Yuddha Kanda,60,"6.60.1 to 6.60.25"
V15-X-501,STAGING-YUDDHA-SARGA-61-2026,MISSING_CANONICAL_TARGET,SAFE_NEW,Yuddha Kanda,61,"6.61.1 to 6.61.26"
V15-X-502,STAGING-YUDDHA-SARGA-62-2026,MISSING_CANONICAL_TARGET,SAFE_NEW,Yuddha Kanda,62,"6.62.1 to 6.62.27"
V15-X-503,STAGING-YUDDHA-SARGA-63-2026,MISSING_CANONICAL_TARGET,SAFE_NEW,Yuddha Kanda,63,"6.63.1 to 6.63.28"
V15-X-504,STAGING-YUDDHA-SARGA-64-2026,MISSING_CANONICAL_TARGET,SAFE_NEW,Yuddha Kanda,64,"6.64.1 to 6.64.29"
V15-X-505,STAGING-YUDDHA-SARGA-65-2026,MISSING_CANONICAL_TARGET,SAFE_NEW,Yuddha Kanda,65,"6.65.1 to 6.65.30"
V15-X-506,STAGING-YUDDHA-SARGA-66-2026,MISSING_CANONICAL_TARGET,SAFE_NEW,Yuddha Kanda,66,"6.66.1 to 6.66.31"
V15-X-507,STAGING-YUDDHA-SARGA-67-2026,MISSING_CANONICAL_TARGET,SAFE_NEW,Yuddha Kanda,67,"6.67.1 to 6.67.32"
V15-X-508,STAGING-YUDDHA-SARGA-68-2026,MISSING_CANONICAL_TARGET,SAFE_NEW,Yuddha Kanda,68,"6.68.1 to 6.68.33"
V15-X-509,STAGING-YUDDHA-SARGA-69-2026,MISSING_CANONICAL_TARGET,SAFE_NEW,Yuddha Kanda,69,"6.69.1 to 6.69.34"
V15-X-510,STAGING-YUDDHA-SARGA-7-2026,MISSING_CANONICAL_TARGET,SAFE_NEW,Yuddha Kanda,7,"6.7.1 to 6.7.32"
V15-X-511,STAGING-YUDDHA-SARGA-70-2026,MISSING_CANONICAL_TARGET,SAFE_NEW,Yuddha Kanda,70,"6.70.1 to 6.70.35"
V15-X-512,STAGING-YUDDHA-SARGA-71-2026,MISSING_CANONICAL_TARGET,SAFE_NEW,Yuddha Kanda,71,"6.71.1 to 6.71.36"
V15-X-513,STAGING-YUDDHA-SARGA-72-2026,MISSING_CANONICAL_TARGET,SAFE_NEW,Yuddha Kanda,72,"6.72.1 to 6.72.37"
V15-X-514,STAGING-YUDDHA-SARGA-73-2026,MISSING_CANONICAL_TARGET,SAFE_NEW,Yuddha Kanda,73,"6.73.1 to 6.73.38"
V15-X-515,STAGING-YUDDHA-SARGA-74-2026,MISSING_CANONICAL_TARGET,SAFE_NEW,Yuddha Kanda,74,"6.74.1 to 6.74.39"
V15-X-516,STAGING-YUDDHA-SARGA-75-2026,MISSING_CANONICAL_TARGET,SAFE_NEW,Yuddha Kanda,75,"6.75.1 to 6.75.25"
V15-X-517,STAGING-YUDDHA-SARGA-76-2026,MISSING_CANONICAL_TARGET,SAFE_NEW,Yuddha Kanda,76,"6.76.1 to 6.76.21"
V15-X-518,STAGING-YUDDHA-SARGA-77-2026,MISSING_CANONICAL_TARGET,SAFE_NEW,Yuddha Kanda,77,"6.77.1 to 6.77.22"
V15-X-519,STAGING-YUDDHA-SARGA-78-2026,MISSING_CANONICAL_TARGET,SAFE_NEW,Yuddha Kanda,78,"6.78.1 to 6.78.23"
V15-X-520,STAGING-YUDDHA-SARGA-79-2026,MISSING_CANONICAL_TARGET,SAFE_NEW,Yuddha Kanda,79,"6.79.1 to 6.79.24"
V15-X-521,STAGING-YUDDHA-SARGA-8-2026,MISSING_CANONICAL_TARGET,SAFE_NEW,Yuddha Kanda,8,"6.8.1 to 6.8.33"
V15-X-522,STAGING-YUDDHA-SARGA-80-2026,MISSING_CANONICAL_TARGET,SAFE_NEW,Yuddha Kanda,80,"6.80.1 to 6.80.25"
V15-X-523,STAGING-YUDDHA-SARGA-81-2026,MISSING_CANONICAL_TARGET,SAFE_NEW,Yuddha Kanda,81,"6.81.1 to 6.81.26"
V15-X-524,STAGING-YUDDHA-SARGA-82-2026,MISSING_CANONICAL_TARGET,SAFE_NEW,Yuddha Kanda,82,"6.82.1 to 6.82.27"
V15-X-525,STAGING-YUDDHA-SARGA-83-2026,MISSING_CANONICAL_TARGET,SAFE_NEW,Yuddha Kanda,83,"6.83.1 to 6.83.28"
V15-X-526,STAGING-YUDDHA-SARGA-84-2026,MISSING_CANONICAL_TARGET,SAFE_NEW,Yuddha Kanda,84,"6.84.1 to 6.84.29"
V15-X-527,STAGING-YUDDHA-SARGA-85-2026,MISSING_CANONICAL_TARGET,SAFE_NEW,Yuddha Kanda,85,"6.85.1 to 6.85.30"
V15-X-528,STAGING-YUDDHA-SARGA-86-2026,MISSING_CANONICAL_TARGET,SAFE_NEW,Yuddha Kanda,86,"6.86.1 to 6.86.31"
V15-X-529,STAGING-YUDDHA-SARGA-87-2026,MISSING_CANONICAL_TARGET,SAFE_NEW,Yuddha Kanda,87,"6.87.1 to 6.87.32"
V15-X-530,STAGING-YUDDHA-SARGA-88-2026,MISSING_CANONICAL_TARGET,SAFE_NEW,Yuddha Kanda,88,"6.88.1 to 6.88.33"
V15-X-531,STAGING-YUDDHA-SARGA-89-2026,MISSING_CANONICAL_TARGET,SAFE_NEW,Yuddha Kanda,89,"6.89.1 to 6.89.34"
V15-X-532,STAGING-YUDDHA-SARGA-9-2026,MISSING_CANONICAL_TARGET,SAFE_NEW,Yuddha Kanda,9,"6.9.1 to 6.9.34"
V15-X-533,STAGING-YUDDHA-SARGA-90-2026,MISSING_CANONICAL_TARGET,SAFE_NEW,Yuddha Kanda,90,"6.90.1 to 6.90.20"
V15-X-534,STAGING-YUDDHA-SARGA-91-2026,MISSING_CANONICAL_TARGET,SAFE_NEW,Yuddha Kanda,91,"6.91.1 to 6.91.21"
V15-X-535,STAGING-YUDDHA-SARGA-92-2026,MISSING_CANONICAL_TARGET,SAFE_NEW,Yuddha Kanda,92,"6.92.1 to 6.92.22"
V15-X-536,STAGING-YUDDHA-SARGA-93-2026,MISSING_CANONICAL_TARGET,SAFE_NEW,Yuddha Kanda,93,"6.93.1 to 6.93.23"
V15-X-537,STAGING-YUDDHA-SARGA-94-2026,MISSING_CANONICAL_TARGET,SAFE_NEW,Yuddha Kanda,94,"6.94.1 to 6.94.24"
V15-X-538,STAGING-YUDDHA-SARGA-95-2026,MISSING_CANONICAL_TARGET,SAFE_NEW,Yuddha Kanda,95,"6.95.1 to 6.95.25"
V15-X-539,STAGING-YUDDHA-SARGA-96-2026,MISSING_CANONICAL_TARGET,SAFE_NEW,Yuddha Kanda,96,"6.96.1 to 6.96.26"
V15-X-540,STAGING-YUDDHA-SARGA-97-2026,MISSING_CANONICAL_TARGET,SAFE_NEW,Yuddha Kanda,97,"6.97.1 to 6.97.27"
V15-X-541,STAGING-YUDDHA-SARGA-98-2026,MISSING_CANONICAL_TARGET,SAFE_NEW,Yuddha Kanda,98,"6.98.1 to 6.98.28"
V15-X-542,STAGING-YUDDHA-SARGA-99-2026,MISSING_CANONICAL_TARGET,SAFE_NEW,Yuddha Kanda,99,"6.99.1 to 6.99.29"
V15-X-543,STAGING-YUDDHA-SOURCE-NOTE-1-2026,SOURCE_REGISTRY_VERSION_MISMATCH,SOURCE_HOLD,Yuddha Kanda,1,"6.1.1–6.1.19"
