path,bytes,sha256
"PROJECT_STATE_CONFLICT.md",829,a2422da044f442c39ab2b131b94788da18a29808ea46ade29fd5a4ee25c0b5e6
"RAMAVERSE_ACQUISITION_VALIDATION_VNEXT2.json",1163,a11849aed0853dd4969fc76a8e99ce51c8522aad4145f79087a119449c9b7cfd
"RAMAVERSE_ASK_METADATA_VNEXT2.json",58555,34a4dfee91ddf382d43f196c99819dedcf677a17eab46280c3d59be7ad1e7342
"RAMAVERSE_CHILDREN_CONTENT_VNEXT2.json",7814,b43e08a6c17f2d639c6bab7b330200ff31daf7d4cd0a7e69b5c205dde31ba4a6
"RAMAVERSE_CONTINUATION_VNEXT2.json",384,33441b952140babeda2978138aba3e8deabf2d1ad4a5da07048e416d14f0d9bf
"RAMAVERSE_CORPUS_VNEXT2_RECORDS.json",267163,bac279b07e3e84a8447b078281941bba53c5d20e6080bf170447530ba6e62446
"RAMAVERSE_CORPUS_VNEXT2_RECORDS.jsonl",229109,dbdd3798208164a201846c731f429346ed9410e2184fa1d394c752be4a66e2c1
"RAMAVERSE_DUPLICATE_OVERLAP_VNEXT2.json",289,a6ce543a4adb707e7a673b2cabe172c47fa1063cc601fab97c43b4e1a2fb53e9
"RAMAVERSE_ENTITY_CONNECTIONS_VNEXT2.json",21673,71780d20a732794b61227b6872d79ca6fb4435889ec4892ea00baeeacb25439d
"RAMAVERSE_PROJECT_STATE_SNAPSHOT.json",7655,74b1460d32f0d7f3412ae6f7b495e2362f29cbd85d52d545fffdb1d80388d515
"RAMAVERSE_RELATIONSHIP_LEDGER_VNEXT2.json",29860,573271e0a63b5aa17d7d6c3aba5cd6e1ed1273c75b0dc6aa9dd7513eb53aa4f8
"RAMAVERSE_SARGA_COVERAGE_VNEXT2.json",1797,c07f72bbaf55ad14fd2dd8197be488af9cc02a1197b40ac9b5244b6b0257b02d
"RAMAVERSE_SEARCH_METADATA_VNEXT2.json",144157,2c3942025197869ca45b086de0f930677e76f315aa9086219c3b17d1c12f3a4f
"RAMAVERSE_SOURCE_REGISTRY_VNEXT2.json",8052,23566f5b5517e3778aaba60e9cb142023da9a1aa4d3eca4219d5b4d731315865
"RAMAVERSE_VARIANT_REGISTER_VNEXT2.json",1197,a4f13a591eec268cee3c5530e0822b396c105f5b50dffb3ab7897ecd01ca7eb5
"README.md",334,6f53bedbee4fc325edae72ec228f9ed70bba30378d6cc6e1da78e769a24a2410
"RELEASE_GATES.txt",7632,c41b42fec1339f135882018cc748369ac750834dbb3bb005413ffc3a47959a0f
"SOURCE_EVIDENCE_REFERENCE.md",465,3b923d0f38e310b4d191c469d60b2f3000280d1ae4d0e65bcf6052e98368d2ab
